-- phpMyAdmin SQL Dump
-- version 4.2.11
-- http://www.phpmyadmin.net
--
-- Host: 127.0.0.1
-- Generation Time: 2015 年 3 朁E31 日 03:55
-- サーバのバージョン： 5.6.21
-- PHP Version: 5.6.3

SET SQL_MODE = "NO_AUTO_VALUE_ON_ZERO";
SET time_zone = "+00:00";


/*!40101 SET @OLD_CHARACTER_SET_CLIENT=@@CHARACTER_SET_CLIENT */;
/*!40101 SET @OLD_CHARACTER_SET_RESULTS=@@CHARACTER_SET_RESULTS */;
/*!40101 SET @OLD_COLLATION_CONNECTION=@@COLLATION_CONNECTION */;
/*!40101 SET NAMES utf8 */;

--
-- Database: `syman`
--

-- --------------------------------------------------------

--
-- テーブルの構造 `account`
--

CREATE TABLE IF NOT EXISTS `account` (
  `id` int(5) NOT NULL,
  `saibanres` varchar(20) CHARACTER SET sjis NOT NULL,
  `workcontents` varchar(255) CHARACTER SET sjis NOT NULL,
  `subtracttime` int(3) NOT NULL,
  `addtime` int(3) NOT NULL,
  `trance` int(10) NOT NULL,
  `addprice` int(10) NOT NULL,
  `addunitprice` int(10) NOT NULL,
  `subtractunitprice` int(10) NOT NULL,
  `price` int(10) NOT NULL,
  `updatetime` timestamp NOT NULL DEFAULT CURRENT_TIMESTAMP ON UPDATE CURRENT_TIMESTAMP
) ENGINE=InnoDB DEFAULT CHARSET=latin1;

-- --------------------------------------------------------

--
-- テーブルの構造 `accountwork`
--

CREATE TABLE IF NOT EXISTS `accountwork` (
  `id` int(10) NOT NULL,
  `saibanRes` varchar(255) CHARACTER SET sjis NOT NULL,
  `stepContents` varchar(255) CHARACTER SET sjis NOT NULL,
  `subtracttime` int(10) NOT NULL,
  `addtime` int(10) NOT NULL,
  `time` int(10) NOT NULL,
  `unitPrice` int(20) NOT NULL,
  `addPrice` int(20) NOT NULL,
  `trance` int(20) NOT NULL,
  `addunitprice` int(10) NOT NULL,
  `subtractunitprice` int(11) NOT NULL,
  `updatetime` timestamp NOT NULL DEFAULT CURRENT_TIMESTAMP ON UPDATE CURRENT_TIMESTAMP
) ENGINE=InnoDB DEFAULT CHARSET=latin1;

--
-- テーブルのデータのダンプ `accountwork`
--

INSERT INTO `accountwork` (`id`, `saibanRes`, `stepContents`, `subtracttime`, `addtime`, `time`, `unitPrice`, `addPrice`, `trance`, `addunitprice`, `subtractunitprice`, `updatetime`) VALUES
(1, 'I0011503001027', 'dsfafas', 100, 200, 300, 4000, 2000, 2000, 20, 0, '2015-03-20 02:15:33'),
(1, 'I0011503001027', 'dsfafas', 100, 200, 300, 4000, 2000, 2000, 20, 0, '2015-03-20 02:18:14'),
(1, 'I0011503001029', 'wwwwwwwwww', 100, 200, 300, 2000, 1000, 3000, 10, 0, '2015-03-20 02:37:45'),
(1, 'I0011503001030', 'efwaefwa', 150, 200, 200, 100000, 0, 2000, 0, 0, '2015-03-20 02:45:31'),
(1, 'I0011503001030', 'efwaefwa', 150, 200, 200, 100000, 0, 2000, 0, 0, '2015-03-20 02:45:42'),
(1, 'I0011503001031', 'dsfasd', 100, 200, 300, 5000, 2500, 0, 25, 0, '2015-03-20 02:48:37'),
(1, 'I0011503001032', 'efafw', 167, 239, 200, 1000, 0, 2000, 0, 0, '2015-03-20 02:50:10'),
(1, 'I0011503001033', '22222', 100, 200, 300, 40000, 20000, 20000, 200, 0, '2015-03-20 05:04:28'),
(1, 'I0011503001034', 'sssssssssss', 100, 200, 200, 300000, 0, 300000, 0, 0, '2015-03-20 05:06:23'),
(1, 'I0031503003001', 'easfwae', 0, 0, 0, 0, 0, 0, 0, 0, '2015-03-20 08:24:05'),
(1, 'I0011503001036', 'wqsaas', 100, 200, 300, 200000, 100000, 10000, 1000, 0, '2015-03-24 02:04:25'),
(1, 'I0011503001037', 'efsaewfewqf', 100, 200, 300, 30000, 15000, 10000, 150, 0, '2015-03-24 07:11:33'),
(1, 'I0011503001040', 'zzzzzzzzzzz', 100, 200, 300, 400000, 200000, 200000, 2000, 0, '2015-03-31 01:13:22'),
(1, 'I0011503001041', 'asfdsa', 100, 200, 120, 2000000, 0, 30000, 0, 0, '2015-03-31 01:18:04'),
(1, 'I0011503001042', 'wqeew', 100, 200, 300, 3000000, 1500000, 1000, 15000, 0, '2015-03-31 01:42:53'),
(1, 'I0011503001043', '2222222222', 1000, 200, 300, 1000000, 500000, 30000, 5000, 0, '2015-03-31 01:49:56');

-- --------------------------------------------------------

--
-- テーブルの構造 `auto_post`
--

CREATE TABLE IF NOT EXISTS `auto_post` (
`number` int(11) NOT NULL,
  `company` varchar(20) CHARACTER SET sjis NOT NULL COMMENT '社名',
  `manager` varchar(20) CHARACTER SET sjis NOT NULL COMMENT '営業ご担当者',
  `email` varchar(50) CHARACTER SET sjis NOT NULL COMMENT 'メールアドレス',
  `zip_code` varchar(10) CHARACTER SET sjis NOT NULL COMMENT '郵便番号',
  `position` varchar(10) CHARACTER SET sjis NOT NULL COMMENT '肩書',
  `address` varchar(50) CHARACTER SET sjis NOT NULL COMMENT '住所',
  `tel` varchar(15) CHARACTER SET sjis NOT NULL COMMENT '電話',
  `mobile` varchar(15) CHARACTER SET sjis NOT NULL COMMENT '携帯電話',
  `other` varchar(100) CHARACTER SET sjis NOT NULL COMMENT '備考欄'
) ENGINE=InnoDB AUTO_INCREMENT=263 DEFAULT CHARSET=latin1;

--
-- テーブルのデータのダンプ `auto_post`
--

INSERT INTO `auto_post` (`number`, `company`, `manager`, `email`, `zip_code`, `position`, `address`, `tel`, `mobile`, `other`) VALUES
(1, '株式会社シンメトリクス', '葛明', 'mkatsu@symmetrix.co.jp', '', '', '', '', '', ''),
(2, '株式会社シンメトリクス', '陳敏玲', 'minling.chen@symmetrix.co.jp', '', '', '', '', '', ''),
(3, '株式会社アゴラテクノ', '井上顕宏', 'inoue＠agora-tech.co.jp', '107-0062', '課長', '東京都港区南青山2-27-14　ドーリック南青山　7階', '03-5775-7976', '', ''),
(4, '株式会社オンサイトテクノロジー', '営業ご担当者', 'sales.dept@onsite-technology.co.jp', '150-0044 ', '', '東京都渋谷区円山町6番7号　渋谷アムフラット1F', '03-5428-8691', '', '名刺なし'),
(5, '株式会社 アジアンリンク', '営業ご担当者', 'ses@asianlink.co.jp', '140-0002', '', '東京都品川区東品川2-2-4天王洲ファーストタワー 18F', '03-5781-0730 ', '', '名刺なし'),
(6, '株式会社シートス', '営業ご担当者', 'sato@c-tos.com', '335-0022　', '', '埼玉県戸田市上戸田4-3-5', '048-299-5551 　', '', '名刺なし'),
(8, '株式会社JCBC', '吉野一夫', 'yoshino@jcbc.co.jp', '103-0023', '執行役員副社長', '東京都中央区日本橋本町3-3-6ワカ末ビル7F', '03-6202-7256', '', ''),
(9, '株式会社 アジアンリンク', '金子 奏元 ', 'sougen.kaneko@asianlink.co.jp', '140-0002', '常務取締役', '東京都品川区東品川2-2-4天王洲ファーストタワー 18F', '03-5781-0730 ', '', '名刺なし'),
(10, 'ＨＬ株式会社', '胡翰春', 'huhanchun@hl-soft.co.jp ', '105-0004', '取締役', '東京都港区新橋6丁目13-5林ビル1F', '03-6809-1246', '', ''),
(11, '富士洋株式会社', '呉林康祐', 'y.kurebayashi@fuji-you.com', '174-0063', '代表取締役', '東京都板橋区前野町5-54-5 メゾンエクレ―レ107', '03-5918-9216', '', ''),
(12, 'YIDATEC日本株式会社', '佐久間小紅', 'shoukou.sakuma@yidatec.co.jp', '163-0222', 'ADM事業部　営業担', '東京都新宿区西新宿2-6-1新宿住友ビル22階', '03-6304-5131', '', ''),
(13, '株式会社ビッグハンズ', '榊　修二', 'sakaki@bighandz.co.jp', '104-0033', '', '東京都中央区新川1-28-25　東京ダイヤビルディング3号館2F ', '03-6228-3468', '', '名刺なし'),
(14, 'リアルシス株式会社', '朱正銀', 'zhuzy@realsys.co.jp', '101-0041', '代表取締役　社長', '東京都千代田区神田須田町２?２?５　須田町藤和ビル７階 ', '03-5294-4181', '', ''),
(15, '株式会社アイ・エス・ブレーン', '周剛', 'zhg@chnsys.co.jp', '103-0007', '代表取締役　社長', '東京都中央区日本橋浜町1-2-8 日本橋BNKビルF２', '03-5833-7557', '', ''),
(16, '株式会社協栄情報', '周晨', 'zhou.chen@cp-info.co.jp', '105-0012', '営業部', '東京都港区芝大門2-12-3芝柳生ビル３F', '03-6721-5080', '', ''),
(17, 'ハンドジャパン株式会社', '徐華', 'xuhua@hand-japan.co.jp', '104-0031', '代表取締役', '東京都中央区京橋１?２?５ 京橋ＴＤビル7階', '03-6225-2985', '', '名刺なし'),
(18, '株式会社シャインソフト', '徐小安', 'jyosan@shinesoft.co.jp', '105-0004', '営業マネージャー', '東京都港区新橋5-12-6 ウェルディ新橋4F', '03-6721-5778', '', '名刺なし'),
(19, '日本スーバーマップ株式会社', '申哲浩', 'shin@supermap.jp', '105-0014', 'Geo2Mクランド事', '東京都港区芝2-13-4住友不動産芝ビル4号館9F', '03-5419-7913', '', ''),
(20, '株式会社アイディア', '斎紅', 'qihong@ideajp.com', '103-0002', '代表取締役', '東京都中央区日本橋馬喰町2-2-13 久ビル4F', '03-6690-4473', '', ''),
(21, '株式会社日光', '曽?', 'zeng@corpsunlight.com', '231-0043', '代表取締役社長\n工学', '神奈川県横浜市中区福富町仲通1番地10-304号', '045-261-1348', '', ''),
(22, '株式会社サンコム', '孫雪寶', 'susan@suncom.ne.jp', '101-0027', '取締役専務', '東京都千代田区神田平河町1番地第三東ビル5F', '03-5822-0225', '', ''),
(23, '株式会社JCBC', '谷(営業ご担当者）', 'tani@jcbc.co.jp', '110-0016', '', '東京都台東区台東1-7-9谷口ビル8F', '03-5812-4281', '', '名刺なし'),
(24, ' シンクシステム株式会社', '中山千恵', 'chie@thinksystem-jp.com', '160-0023', '代表取締役社長', '東京都新宿区西新宿7-7-23 トミービル11F', '03-6279-2938', '', ''),
(25, '株式会社グレアチ', '張偉', 'zhang.w@greachi.com', '104-0033', '代表取締役', '東京都中央区新川1-16-7 恒陽サンクレスト茅場町301号室', '03?6228?3167', '', ''),
(26, '長城コンサルティング株式会社', '張佶', 'zhangji@chojo.co.jp', '101-0045', '代表取締役　社長', '東京都千代田区神田鍛冶町3-3-1　栄立ビル4階', '03-5298-5871', '', ''),
(27, '長城コンサルティング株式会社', '劉楊', 'liuyang@chojo.co.jp', '101-0045', '人材資源部　課長', '東京都千代田区神田鍛冶町3-3-1　栄立ビル4階', '03-5298-5871', '', ''),
(28, '株式会社ゴールデンソフト ', '張根楽', 'zhang@goldensoft.co.jp', '170-0013', '代表取締役社長', '東京都豊島区東池袋1-46-13ホリグチビル７０２', '03-5911-1658', '', ''),
(29, '株式会社ネットコム', '張書明', 'zhangsm@netcome.co.jp', '105-0014', '代表取締役社長', '東京都港区芝3-17-12第2Mビル7F', '03-3454-8017', '', ''),
(30, '株式会社アイティーフューチャー ', '張小剛', 'zhangxiaogang@it-ft.com', '170-0013', '工学博士　社長', '東京都豊島区東池袋２丁目６２?８ BIGオフィスプラザ池袋902室', '03-5927-8715 ', '', ''),
(31, 'ロンテック株式会社', '張程', 'cheng-zhang@rontech.co.jp', '210-0023', 'テクニカルソリューシ', '神奈川県川崎市川崎区小川町11-10 第10平沼ビル3F（A）', '044-276-9915', '', ''),
(32, '株式会社プロフェース・システムズ', '陳玲?', 'rkchin@proface-sys.com', '104-0032', '営業部', '東京都中央区八丁堀4丁目12番7号サニービル4階B室 ', '03-3523-9338', '', '名刺なし'),
(33, '株式会社共達ネットワーク', '董偉', 'tou@cncsys.co.jp', '105-0014', '常務取締役　第一事業', '東京都港区芝1-9-3 芝マツラビル３F', '03-5419-3550', '', ''),
(34, '株式会社 Beyondsoft Japa', '馬昇海', 'shenghai.ma@achievo.co.jp', '101-0033', 'ITソリューション基', '東京都千代田区神田岩本町1-14秋葉原SFビル６F', '03-5207-8005', '', ''),
(35, '株式会社Conflux', '反町長禄', 'sorimachi@conflux.jp', '271-0062', '代表取締役社長', '千葉県松戸市栄町3丁目150?2', '047?705?4933', '', ''),
(36, '株式会社万国ソフト', '虞乾辰', 'yu@bkk-soft.com', '100-0016', '代表取締役', '東京都台東区台東2-10-2竹田ビル３F', '03-5812-0388', '', ''),
(37, '株式会社日進', '李力雄', 'rikio@nisshin-g.co.jp', '102-0083', '取締役副社長', '東京都千代田区?町4階', '03-4530-6328', '', ''),
(38, 'エスコ・ジャパン株式会社', '李顕庫', 'xianku.li@escco.co.jp', '169?0072', '代表取締役社長', '東京都新宿区大久保2-2-12 東新宿ファーストビル6Ｆ', '03-3204-2485　　', '', ''),
(39, '株式会社ビー・シー・エル', '李詩芸', 'shiyi.li@bcljapan.co.jp', '101-0045', '代表取締役', '東京都千代田区神田鍛冶町３-３-９ 共同ビル８Ｆ', '03-6206-4797', '', ''),
(40, '株式会社シャインソフト', '劉健', 'ryuk@shinesoft.co.jp', '105-0004', '代表取締役', '東京都港区新橋5-12-6 ウェルディ新橋4F', '03-6721-5778', '', ''),
(41, 'ゴールドアイ・ コンサルティング株式会社', '劉(営業ご担当者）', 'yxliu@goldeye.biz', '160-0023', '', '東京都新宿区西新宿6丁目21番1号アイタウン・プラザ Ｂ106室', '03-6911-2666', '', '名刺なし'),
(42, '中川鉱業株式会社', '蔡麗', 'caili1970@yahoo.co.jp', '', '', '', '080-3018-4818', '', '名刺なし'),
(43, 'ＨＬ株式会社', '路田甜', 'info@hl-soft.co.jp', '105-0004', '代表取締役', '東京都港区新橋6丁目13-5林ビル1F', '03-6809-1246', '', ''),
(44, '中軟東京株式会社', '于晞', 'uki@chinasoft-tokyo.co.jp', '103-0001', '代表取締役社長（CE', '東京都中央区日本橋小伝馬町12-5小伝馬町YSビル３F', '03-5641-1681', '', ''),
(45, '株式会社テイーケーエス', '崔成権', 'sai@turbok.com', '101-0025', '代表取締役社長', '東京都千代田区神田佐久間町3-16-5 ZENBI ビル1F', '03-5809-1786', '', ''),
(46, '株式会社JCBC', '汪涛', 'wangtao@jcbc.co.jp', '110-0016', '取締役　営業部長', '東京都台東区台東1-7-9　谷口ビル8F', '03-5812-4281', '', ''),
(47, 'NEUSOFT Japan 株式会社', '趙勝軍', 'zhaosj@neusoft.co.jp', '135-8071', '第1システム事業部　', '東京都江東区有明3-6-11東京ファッションタウンビル東館7階', '03-3570-9324', '', ''),
(48, '株式会社日進', '魏雪莱', 'wei.xuelai@nisshin-g.co.jp', '140-0013', '営業推進本部　営業第', '東京都品川区南大井6-26-2大森ベルポートB館8F', '03-5762-8145', '', ''),
(49, '株式会社グローバルビジネスソリューション', '張愛東', 'info@gbs-grp.com', '169-0075', 'システム営業部', '東京都新宿区高田馬場3-1-5 サンパティオ高田馬場117', '03-5386-5213', '', ''),
(50, 'アクティブ・アイティ株式会社', '営業ご担当者', 'eigyo@active-it.co.jp', '101-0041', '', '東京都千代田区神田須田町1-7-5　神田ミハマビル9階 ', '03-5294-2071 ', '', '名刺なし'),
(51, '株式会社 ウェイン', 'エン清華', 'qh-yan@wain.co.jp', '108-0014', '取締役', '東京都港区芝5丁目5番1号 ラウンドクロス三田6階 ', '03-5445-5519', '', '名刺なし'),
(52, '株式会社CC', '?雅莉', 'g-kei@cccorp.co.jp', '103-0023', '取締役', '東京都中央区日本橋本町4丁目8-17 KN日本橋ビル9F', '03-6279-3777', '', ''),
(53, 'ケイ開発株式会社', '泳謖敏', 'ei-sm@keid.co.jp', '110-0005 ', '', '東京都台東区上野3?17?4尾上貿易上野ビル5，6階', '03-5812-3368', '', '名刺なし'),
(54, 'ウィツ株式会社', '王華', 'HuaWang@WistronITS.com', '150-0013', '営業二部　副部長', '東京都渋谷区恵比寿2-28-10秀ビル2階', '03-5449-1688', '', ''),
(55, '株式会社シャル', '王暁丹', 'wang.xd@shall.tokyo.jp', '171-0014', 'システム開発部　マネ', '東京都豊島区池袋2-76-13第二篠ビル1階', '03-6914-3018', '', ''),
(56, 'イノベークス株式会社', '何建強', 'jqhe@innovacess.com', '101?0032', '体表取締役社長', '東京都千代田区岩本町2?4?7　小林ビル３F', '03-5821-8018', '', ''),
(57, 'ケイ開発株式会社', '郭立新', 'kaku@keid.co.jp', '110-0005 ', '専務取締役　工学博士', '東京都台東区上野3?17?4尾上貿易上野ビル5，6階', '03-5812-3368', '', ''),
(58, '株式会社文洋システム ', '甘大文', 'daibun.kan@bunyo-system.com', '116-0003', '代表取締役', '東京都荒川区南千住8-8-1-1427号 ', '050-5814-8516  ', '', '名刺なし'),
(59, 'キャストネット東京株式会社 ', '宮下昭子', 'miyashita@castnet-tokyo.co.jp', '110-0016', '経営管理室', '東京都台東区台東3丁目7番8号　第7江波戸ビル３F', '03-5812-4983', '', ''),
(60, '株式会社M?NET', '宮吉　尚明', 'n.miyayoshi@m-netd.com', '333-0811\n5', '代表取締役', '(東京支社)埼玉県川口市戸塚１?５?５０３\n(本社)大阪市西区北堀江１?５?２　四ツ橋新興産ビル８０', '06-6556-6806', '', '名刺なし'),
(61, 'ICTフロンティア株式会社', '古月彦捷', 'furutsuki@ictft.com', '116-0002', '代表取締役社長', '東京都荒川区荒川7-6-10 林ビル5Ｆ', '03-5615-4310', '', ''),
(62, '日本光超株式会社', '丁卉', 'info@lspit.co.jp', '101-0032', '代表取締役社長', '東京都台東区台東3-17-1ダイアバレス御徒町V103', '03?6803?2497', '', ''),
(63, 'ベストスキップ株式会社', '高莞光', 'gao.wanguang@bestskip.com', '103-0013', '取締役　第二システム', '東京都中央区日本橋人形町1丁目2-13　日本橋DOLL１?３F ', '03-5614-0358 ', '', ''),
(64, '株式会社セルシス', '周冬梅', 'dongmei@salsys.co.jp', '104-00332', '営業部セールスマネー', '東京都中央区八丁堀4-11-7アライビルディング6階', '03-5542-6080', '', ''),
(65, 'ガゼル株式会社', '周潤強', 'jshu@gazeru.co.jp', '104-0041', '代表取締役社長', '東京都中央区新富1-5-5トア新富309', '03-6912-3757', '', ''),
(66, '株式会社システムクリエーション', '星川耀邦', 'hoshikawa@system-creation.com', '231-0002', '代表取締役　工学博士', '横浜市中区海岸通　4-17 東信ビル6階', '045-212-2231', '', ''),
(67, 'ゴールドアイ・ コンサルティング株式会社', '清水雅雪', 'mariachen@goldeye.jp', '160-0023', '代表取締役', '東京都新宿区西新宿6丁目21番1号アイタウン・プラザ Ｂ106室', '03-6911-2666', '', ''),
(68, 'スターソフト株式会社', '銭　来興', 'qianlx@starsoft.co.jp', '171?0022', '代表取締役', '東京都豊島区南池袋三丁目13番7号ヴィップ池袋1003号室', '03-5944-9481 ', '', '名刺なし'),
(69, 'オーライソフトウェア株式会社', '宋軍波', 'j.song@allrightsoft.co.jp', '112-0004　　', '代表取締役社長', '東京都文京区後楽２丁目３?２８　Ｋ.Ｉ.Ｓ飯田橋ビル５Ｆ', '03-5805-2941　', '', ''),
(70, '通達株式会社', '営業ご担当者', 'info@tuutatu.co.jp', '132-0021 ', '', '東京都江戸川区中央4-17-14　501 ', '03-3652-8068　　', '', '名刺なし'),
(71, '株式会社協栄情報', '鄭宇', 'eigyo@cp-info.co.jp', '103-0016', '', '東京都中央区日本橋小網町17-18 藤和日本橋小網町ビル5F ', '03-6661-9858 ', '', '名刺なし'),
(72, '株式会社サイバーフロンテイア', '田群', 'g-den@cyberfrontier.jp', '101-0031 ', '代表取締役', '東京都千代田区東神田２?３?３東神田藤和ビル２F ', '03-3865-4821', '', '名刺なし'),
(73, '株式会社プロフェース・システムズ', '田一輝', 'kden@proface-sys.com', '103-0015', '代表取締役', '東京都中央区日本橋箱崎町18-11　COSMO8-4F', '03-5643-7768', '', ''),
(74, 'エムアンドエス・システムデザイナーズ株式', '杜剛', 'mori@mssysde.com', '103-0012', '代表取締役', '東京都中央区日本橋堀留町1-9-6堀留ゼネラルビル８F', '03-3249-0161', '', ''),
(75, '株式会社シスパー', '李培強', 'li@sysuper.com', '104-0061', '代表取締役', '東京都中央区銀座1-15-7 MAC銀座ビル３F', '050-3690-5088', '', ''),
(76, '株式会社サイバーフロンテイア', '符旻', 'fumin@cyberfrontier.jp', '101-0031 ', ' 取締役', '東京都千代田区東神田２?３?３東神田藤和ビル２F', '03-3865-4821 ', '', '名刺なし'),
(77, 'スマートアイエンジー株式会社 ', '朴燕青', 'espark@smarting.jp', '111-0052 ', '', '東京都台東区柳橋1-4-3　ツイントラス?ビル　7階 ', '03-5825-5058', '', '名刺なし'),
(78, '株式会社 ディー・トレンド・ジャパン', '蒙家国', 'mou@dtrend-jpn.com', '101-0032', '代表取締役', '東京都千代田区岩本町３?２?２キウチビル２Ｆ', '', '', '名刺なし'),
(79, '株式会社ウィクレソフト・ジャパン', '楊可可', 'kekey@wicresoft.com', '105-0003 ', '営業部　マネージャー', '東京都港区西新橋3-13-7 MG愛宕ビルディング6階     　　　　', '03-5425-7138   ', '', ''),
(80, '株式会社ウィクレソフト・ジャパン', '裴建君', 'jianjun@wicresoft.com', '105-0003', '新規事業推進部　営業', '東京都港区西新橋3-13-7 MG愛宕ビルディング7階     　　　　', '03-5425-7139', '', ''),
(81, '株式会社ウィクレソフト・ジャパン', '王新義', 'xinyi@wicresoft.com', '105-0004', '', '東京都港区西新橋3-13-7 MG愛宕ビルディング8階     　　　　', '03-5425-7140', '', '名刺なし'),
(82, '株式会社ウィクレソフト・ジャパン', '佐藤進', 'satos@wicresoft.com', '105-0003', '第一事業本部　営業部', '東京都港区西新橋3-13-7 MG愛宕ビルディング6階     　　　　　 ', '03-5425-7138   ', '', ''),
(83, 'テラ インターナショナル株式会社', '宋暁萍', 'gyohei-so@teraintl.co.jp', '170-0013', 'システム営業統括部', '東京都豊島区東池袋3-4-3　池袋イースト', '03-3984-3045', '', ''),
(84, '株式会社三鋭システム', '雷瑞愛', 'leiruiai@sanei-system.co.jp', '101-0021', '事業統括部　ソリュー', '東京都千代田区外神田6-12-3 ビックウエストビル3号館本館3階', '03-5807-8180', '', ''),
(85, 'ポピュラーソフト株式会社', '李樹文', 'li-s@popular-soft.com', '110-0005', '代表取締役', '東京都台東区上野1-11-9 イマスサニービル', '03?3831?2144', '', ''),
(86, '株式会社ｲｰﾊﾞｲﾋﾟｰ', '劉柄江', 'lbj@exp-corp.com', '141-0031', '代表取締役', '東京都品川区西五反田8-8-16 高砂ビル403A', '03-6421-7168', '', ''),
(87, '日本恒生ソフトウェア株式会社', '劉娜', 'na.liu@hundsun.co.jp', '106-0044', 'システム営業部', '東京都港区東麻布1丁目10番12号　カメダビル8階', '03-3505-5327', '', ''),
(88, '日発株式会社', '寥明寛', 'm_ryo@hihatu.com', '170-0005', '代表取締役', '東京都豊島区南大塚3-53-3 田島ビル3F', '03-6912-6272', '', ''),
(89, '羽石株式会社', '崔向東', 'flying-stone@flying-stone.com', '260-0026', '専務取締役', '千葉県千葉市中央区千葉港4番3号千葉県経営者会館509号', '043-308-5078', '', ''),
(90, '株式会社 ウェイン', '潘南明', 'pan@wain.co.jp', '108-0014', ' 代表取締役社長 ', '東京都港区芝5丁目5番1号 ラウンドクロス三田6階 ', '03-5445-5519', '', '名刺なし'),
(92, 'ＮＡＮＡＲＯＱ株式会社', '営業ご担当者', 'sales@nanaroq.com', '102-0075', '', '東京都千代田区三番町1-17パークサイドアネックス6F', '', '', '名刺なし'),
(94, '株式会社スリーケーシー', '営業ご担当者', 'sales@kkk-c.com', '171-0014', '', '東京都豊島区池袋2-17-8　丸十ビル2F ', ' 03-6692-2106 ', '', '名刺なし'),
(95, 'アン・コンサルティング株式会社', '猿橋恒祐', 'ses@anconsulting.jp', '150-0011', 'コンサルティング事業', '東京都渋谷区東3丁目15番8号　小澤ビル4階', '03-6427-7080', '', ''),
(96, 'エムアンドエス・システムデザイナーズ株式', '浦田　典子', 'urata@mssysde.com', '103-0012', '取締役　営業本部長', '東京都中央区日本橋堀留町1-9-6堀留ゼネラルビル８F', '03-3249-0161', '', ''),
(97, '株式会社テックツリー', '中川尚三', 'sales@techtree.co.jp', '160-0008', '代表取締役', '東京都新宿区三栄町１７番　木原ビル4階', '03-3355-6277', '', ''),
(98, '株式会社A-STAR Sourcing', '村田秀美', 'sales@astar-sourcing.com', '150-0043', '営業戦略本部リーダー', '東京都渋谷区道玄坂1-18-1　Shibuya　INCS５F　B号室', '03-6415-1553', '', ''),
(99, '株式会社エフォーション', '営業ご担当者', 'sales@efourtion.jp', '150-0036', '', '東京都渋谷区南平台町1-9 南平台宝来ビル10F', '03-5459-7231', '', '名刺なし'),
(100, '株式会社 CSテクノロジーズ ', '営業ご担当者', 'anken@cstex.jp', '103-0025', '', '東京都中央区日本橋茅場町3-8-5 308ビル4階', '03-6661-9620', '', '名刺なし'),
(101, 'アクティブエージェント株式会社', '営業ご担当者', 'sl@aag.co.jp', '101-0032', '', '東京都千代田区岩本町3-10-12 YAMAGENビル8F、9F', '\n03-6427-1939 ', '', '名刺なし'),
(102, '株式会社コンピュータプラネックス ', '野田知巳', 'sales@computerplanex.co.jp', '171-0014', 'システム営業部', '東京都豊島区池袋2-40-12西池袋第一生命ビルディング４F', '03-5954-7261', '', ''),
(103, '株式会社スタイラジー', '奥田剛', 'g-okuda@stylagy.co.jp', '171-0021', '', '東京都豊島区西池袋3-1-15 西池袋TSビル 9階', '03-5953-5405', '', '名刺なし'),
(104, '株式会社セキュアイノベーション', '横山修', 'o.yokoyama@secure-i.jp', '150-0002', 'アソシェイト', '東京都渋谷区渋谷3-13-5イプセ渋谷1208', '03-6418-9882', '', ''),
(105, '日本スーバーマップ株式会社', '岡部倫幸', 'tokabe@supermap.jp', '105-0014', '社長補佐', '東京都港区芝2-13-4住友不動産芝ビル4号館9F', '03-5419-7912', '', ''),
(106, '株式会社システムテクニカ', '岡本斉', 'okamoto@system-technica.com', '104-0028', '代表取締役', '東京都中央区八重洲2-11-2　城辺橋ビル', '03-3231-0072', '', ''),
(108, '株式会社シートス', '営業ご担当者', 'sato@c-tos.com', '110-0016', '', '東京都台東区台東4-14-8', '03-6895-3730', '', '名刺なし'),
(109, '株式会社プラス', '営業ご担当者', 'plus-sales@plus21.net', '105-0001', '', '東京都港区虎ノ門4丁目1番28号　虎ノ門タワーズオフィス12階', '03-5860-7000', '', '名刺なし'),
(110, '株式会社三鋭システム ', '新井信子', 'nobuko-arai@sanei-system.co.jp', '101-0021', '', '東京都千代田区外神田六丁目12番3号ビックウエストビル3号館本館3階', '03-5807-8180', '', '名刺なし'),
(111, 'シンクシステム株式会社 ', '吉田聖司', 'yoshida@thinksystem-jp.com', '160-0023', '統括部長', '東京都新宿区西新宿7-7-23 トミービル11F', '03-6279-2937', '', ''),
(112, '株式会社オリオン情報企画', '宮下誠人', 'miyashita@orion-jk.co.jp', '150-0011', '営業部　部長', '東京都渋谷区東1-4-1尚豊ビル', '03-3406-3540', '', ''),
(113, '株式会社エーエルジェイ', '玉越裕子', 'tamakoshi@al-j.co.jp', '160-0022', 'ITソリューション事', '東京都新宿区新宿3?2?1　新宿三丁目ビル９F', '03-5363-6315', '', ''),
(114, '株式会社スリーケーシー(ThreeK&C', '荒木信人', 'araki@kkk-c.com', '171-0014', '代表取締役　社長', '東京都豊島区池袋2-17-8 丸十ビル2F', '03-6692-2106', '', ''),
(115, '株式会社A-STAR ', '佐藤明太', 'msato@astar-sourcing.com', '150-0043', 'ヒューマンリソース', '東京都渋谷区道玄坂1-18-1 Shibuya INCS5F B号室', '03-6415-1551', '', ''),
(116, '株式会社リヴィティエ', '佐藤(営業ご担当者）', 'sales@revitie.jp', '171-0014', '', '東京都豊島区池袋2-62-1 PISO池袋 206', '03-6914-2171　', '', '名刺なし'),
(117, 'ビットウェア株式会社', '芝田至宏', 'shibata@bit-ware.co.jp', '101-0035', '営業部長', '東京都千代田区神田紺屋町38すくもビル　4F', '03-6206-9061', '', ''),
(118, 'テラ インターナショナル株式会社', '酒井隆之', 'takayuki-sakai@teraintl.co.jp', '170-0013', 'システム営業本部\nソ', '東京都豊島区東池袋3-4-3 池袋イースト', '03-3984-3045', '', ''),
(119, '株式会社フロムスクラッチ', '女鹿(営業ご担当者）', 'shinji.mega@f-scratch.com', '160-0023', '', '東京都新宿区西新宿7-20-1住友不動産西新宿ビル17階', '03-5937-8555', '', '名刺なし'),
(120, '株式会社conflux', '小川瑛久', 'ogawa@conflux.jp', '103-0001', 'システムサポート事業', '東京都中央区日本橋小伝馬町16-8 共同ビル(小伝馬町）4F', '03-6661-1895', '', ''),
(121, '株式会社conflux', '森川隆', 'morikawa@conflux.jp', '103-0001', 'システムサポート事業', '東京都中央区日本橋小伝馬町16-8 共同ビル(小伝馬町）4F', '03-6661-1895', '', ''),
(122, '株式会社システムエグゼ', '小林斉', 'kobayasi@system-exe.co.jp', '104-0033', '営業本部　マネージャ', '東京都中央区新川2?1?5　THE WALL 6F', '03-5542-5591', '', ''),
(123, '株式会社sweetsystem', '菅原千聖', 'to@ssweet.info', '104-0032 ', '代表取締役', '東京都中央区八丁堀４?２?２共同ビル７F　　　　　　　　　　　　', '03?6228?3350　　　', '', ''),
(124, '株式会社ステップ情報システム', '生田目', 't_nabatame@step-info.co.jp', '115-0045　', '', '東京都北区赤羽 3-19-16 ', '03-3902-8988', '', '名刺なし'),
(125, '株式会社アンツビズシェア', '村中修', 'muranaka@ants-biz.jp', '150-0011', '代表取締役', '東京都渋谷区東2-23-9渋谷ソーシャルハイツ7F ', '03-5774-0561', '', '名刺なし'),
(126, '株式会社 CIJ', '大久保敦哉', 'okubo.atsuya@cij.co.jp', '200-0023', '市場開拓推進本部　　', '横浜市西区平沼1-2-24 横浜NTビル', '045-411-2571', '', ''),
(127, '株式会社アイグローブ', '大川(営業ご担当者）', 'ookawa@iglobe.co.jp', '104?0061', '', '東京都中央区銀座７?１７?１２　銀座東京ビル６Ｆ', '03-6228-4520 ', '', '名刺なし'),
(128, '株式会社ES', '大波豊士', 'toyoji.onami@com-es.jp', '108-0073', 'SI営業促進事業部', '東京都港区三田1-3-39 勝田ビル3F', '03-6459-4155', '', ''),
(129, 'IT技術者支援機構', '谷田良一', 'tanida@i-worknavi.jp', '276-0042', '支配人　', '千葉県八千代市ゆりのき台4-5-2  Life Tower', '04-7409-4552', '', ''),
(130, '株式会社ソフトアドバンス', '竹谷稔明', 'taketani@advanceone.co.jp', '111-0042', '代表取締役', '東京都台東区寿4-6-5 佐藤ビル2F', '03-6318-8125', '', ''),
(131, '株式会社バンガードシステム', '竹田耕介', 'takeda@vas.ne.jp', '161-0034', '体表取締役社長', '東京都新宿区上落合2-22-8-1102', '03-3371-0251', '', ''),
(132, '株式会社 スマートテクノロジー', '中村逸人', 'h.nakamura2@smatec.jp', '104-0061', 'associate', '東京都中央区銀座8-14-9-1102 デュープレックス銀座タワー11F', '03-3541-1580', '', ''),
(133, '株式会社ソフト技研', '中田敏行', 'nakada@softg.co.jp', '105-1104', '営業企画部     ', '東京都港区芝2丁目3番9号', '03-5445-1781', '', ''),
(135, '株式会社システムエグゼ', '田中(営業ご担当者）', 'ta-tanaka@system-exe.co.jp', '104-0033', '', '東京都中央区新川2?1?5　THE WALL 6F', '03-5542-5591', '', '名刺なし'),
(136, '株式会社アーバンシステム ', '内海貴昭', 'utsumi@urbansystem.jp', '101-0051', '営業部', '東京都千代田区神田神保町3-2-4　田村ビル6F', '03-3222-3291', '', ''),
(137, 'ウィツ株式会社', '南部豊', 'YutakaNambu@WistronITS.com', '108-0014', '営業本部　第一営業部', '東京都港区芝4-10-1 ハンファビル２F', '03?3453?1688', '', ''),
(138, '株式会社WITS', '南部(営業ご担当者）', 'witsnambu@gmail.com', '277-0863', '', '千葉県柏市豊四季1008番1号', '', '', '名刺なし'),
(139, '株式会社フェニックスシステムズ', '梅本政則', 'm-umemoto@me.scn-net.ne.jp', '141-0031', 'エクゼクティブコンサ', '東京都品川区西五反田８丁目3-9　KHビル５F', '03-5436-5411', '', ''),
(141, '結　株式会社', '武澤俊夫', 'takezawa@yui-it.co.jp', '186-0001', '代表取締役', '東京都国立市北1-5-9-101', '042-573-7631', '', ''),
(142, '株式会社クロスパワー ', '福田直樹', 'naoki-fukuda@x-power.co.jp', '101-0032', '営業部　主任', '東京都千代田区岩本町3丁目10番4号', '03-5833-7570', '', ''),
(143, '株式会社テックパワー', '立花力', 'tachibana@techpower.co.jp', '110-0015', '代表取締役社長', '東京都台東区東上野1-14-13東ビル502', '03-3835-1920', '', ''),
(144, '株式会社アジアンリンク', '林達也', 'tatsuya.hayashi@asianlink.co.jp', '104-0032', '営業部', '東京都中央区八丁堀4-14-4 八重洲第二長岡ビル7F', '03-6280-5924', '', ''),
(145, '株式会社アルゴスシステム', '鈴木伸一', 'suzuki@argus0804.com', '158-0097', '代表取締役　社長', '東京都世田谷区用賀4-5-21　第一小林ビル4階', '03-6272-5237', '', ''),
(146, '株式会社シートス', '濱田(営業ご担当者）', 'o-hamada@c-tos.com', '110-0016', '', '東京都台東区台東4-14-8', '03-6895-3730', '', '名刺なし'),
(147, '株式会社システムエグゼ', '宮崎光', 'h-miyazaki@system-exe.co.jp', '104-0033', '営業本部　グランド・', '東京都中央区新川2?1?5　THE WALL 6F', '03-5542-5591', '', ''),
(148, '株式会社 ブルーネットジャパン', '営業ご担当者', 'horiba@bluenet-jpn.com', '231-0005', '', '神奈川県横浜市中区本町1-3 綜通横浜ビル10階 ', '045-228-7340 ', '', '名刺なし'),
(149, '株式会社ISM', '野口和哉', 'kaz@ism-inc.jp', '102-0074', '代表取締役社長', '東京都千代田区九段南3丁目４?５フタバ九段ビル2階', '03-5214-0061', '', ''),
(150, '株式会社アイグローブ', '千葉喜貴', 'eigyo@iglobe.co.jp', '104-0061', '営業部部長', '東京都中央区銀座7-17-12　銀座東京ビル6F', '03-6228-4520', '', ''),
(151, '株式会社ブランチ', '松枝一孝', 'matsueda@p-branch.co.jp', '211-0064', '代表取締役', '川崎市中原区今井南町485-10アーバンライフ　小杉302号室', '044-543-9565', '', ''),
(152, 'ウイングソリューションズ株式会社', '阿部俊明', 'abe@wing-sol.co.jp', '105-0014', '営業部　係長', '東京都港区芝二丁目27番8号マスマンビル3階', '03-6435-3988', '', ''),
(153, '株式会社ブリコラージュ', '稲葉(営業ご担当者）', 'ayumu.inaba@bric.jp', '160-0022', '', '東京都新宿区新宿7-2-1 学友社ビル3B', '03-6233-8701', '', '名刺なし'),
(154, '株式会社ソフト技研', '中田　敏行', 'eigyou@softg.co.jp', '105-1104', '営業企画部     ', '東京都港区芝2丁目3番9号', '03-5445-1781', '', ''),
(155, '株式会社システムエグゼ', '篠塚碧', 'ab-sales@system-exe.co.jp', '104-0033', '営業本部', '東京都中央区新川2-1-5　THE WALL ６階（本社）　　　　　　　　　', '03-5542-5591', '', ''),
(156, '株式会社アイプラザ', '岡片　功', 'iokagata@ipla2009.com', '150-0002', '代表取締役', '東京都渋谷区渋谷３?５?１６　渋谷三丁目スクエアビル２Ｆ', '03-6868-4306', '', '名刺なし'),
(157, '株式会社 ピー・エス・ビー(PSB)', '加藤正志', 'katou@psb.co.jp', '110-0016', '営業部　部長　取締役', '東京都台東区台東4-29-13　明和ビル501', '03-5812-9881', '', ''),
(159, '株式会社プラス', '後藤(営業ご担当者）', 'goto@plus21.net', '105-0001', '', '東京都港区虎ノ門4丁目1番28号　虎ノ門タワーズオフィス12階', '03-5860-7000', '', '名刺なし'),
(160, '株式会社アジアリンク', '菊池　雅子', 'masako.kikuchi@asianlink.co.jp', '104-0032', '営業部', '東京都中央区八丁堀4-14-4 八重洲第二長岡ビル7F', '03-6280-5924', '', ''),
(161, 'データウェアネットワーク株式会社', '橋本真紀', 'maki.hashimoto@dwn.co.jp', '101-0054 ', '営業部', '東京都千代田区神田錦町3丁目18番地　寿ビル', '03-5259-5231', '', ''),
(162, '株式会社ウェブフロンティア ', '兼田裕介', 'y_kaneda@webfrontier.co.jp', '220-8120 　', '営業部　部長', '神奈川県横浜市西区みなとみらい2?2?1横浜ランドマークタワー20階　　　　　　　　　　　', '045-670-7026', '', ''),
(163, '株式会社 ジオッテク情報システム', '戸井田圭佑', 'sales7g@geoteck.co.jp', '111-0053', 'システム営業部', '東京都台東区浅草橋3丁目17-10　昭光ビル', '03-5822-5277', '', ''),
(164, '株式会社エーエルジェイ', '広木将人', 'hiroki@al-j.co.jp', '160?0022', 'ITソリューション事', '東京都新宿区新宿三丁目ビル９F', '03-5363-6315', '', ''),
(165, '株式会社 デジタルピア', '高橋利至', 'dp_eigyo@digitalpia.co.jp', '210-0006', '代表取締役', '神奈川県川崎市川崎区砂子１?５?１　ケイ・ジェイ砂子ビル ４Ｆ Ｂ室 ', '044-201-9262 ', '', '名刺なし'),
(166, 'オープンシステムテクノロジー株式会社(O', '佐々木真美', 'm-sasaki@ost-ipnet.co.jp', '110-0016', '営業部　営業推進課　', '東京都台東区台東2-20-14 豊栄タイトー第二ビル', '03-3839-7451', '', ''),
(167, '株式会社クレドハート', '佐藤通昭', 'm.sato@9010.co.jp', '101-0021', 'ソリューション事業部', '東京都千代田区外神田6-11-11 小林革具ビル１F', '03-6240-1515', '', ''),
(168, '株式会社 アイテクノ ', '坂口正和', 'm-sakaguti@itecno.co.jp', '108-0014', 'BPO事業本部\nセー', '東京都港区芝4丁目11番4号　ハラビル?7階', '03-5765-6750', '', ''),
(169, '日本恒生ソフトウェア株式会社', '志沢　明', 'a.shizawa@hundsun.co.jp', '106-0044', 'システム営業部　部長', '東京都港区東麻布1丁目10番12号カメダビル8階', '03-3505-5327', '', ''),
(170, '株式会社アドバンテックス', '宗像正男', 'ｍ.ｍunakata@Advantex.co.jp', '112-0002', '代表取締役', '東京都文京区小石川1-3-10コスモ後楽園ビル7階', '03-3818-5805', '', ''),
(171, '株式会社三鋭システム ', '小向友美', 'yumi-komukai@sanei-system.co.jp', '101-0021', '', '東京都千代田区外神田六丁目12番3号ビックウエストビル3号館本館3階', '03-5807-8180', '', '名刺なし'),
(172, '株式会社ＡＬＴ', '小高', 'kotaka@altnet.co.jp', '262-0033', '', '千葉県千葉市花見川区幕張本郷1-16-1日進第一ビル2階', '043-212-7581', '', '名刺なし'),
(173, '株式会社S.E.C', '小林聖由', 'm-kobayashi@sec-service.co.jp', '135-0016', 'ITサービス事業部', '東京都江東区東陽5-25-14 杉浦ビル1F', '03-5683-6457', '', ''),
(174, '日本獅龍株式会社', '松岡定喜', 'matsuoka@japan-snow.com', '101-0024', '取締役　営業事務管理', '東京都千代田区神田和泉町1番地1-12　ミツバビル2階', '03-3865-5119', '', ''),
(175, '日本獅龍株式会社', '青木幸啓', 'aoki@japan-snow.com', '101-0024', 'NK事業部　第1シス', '東京都千代田区神田和泉町1番地1-12ミツバビル2階', '03-3865-5119', '', ''),
(178, 'アクシーズ株式会社', '水島貴光', 'takamitsu.mizushima@axeeds.com', '104-0031', 'ビジネスデベロップメ', '東京都中央区京橋1-3-2 モリイチビル７F', '03-6214-0017', '', ''),
(179, '株式会社 カーネル・ソフト・エンジニアリ', '星野 純', 'hoshino.jun@kernel.co.jp', '105-0004', '企画管理部　営業', '東京都港区新橋三丁目1番10号　石井ビル５F', '03-6268-8861', '', ''),
(180, '株式会社ウィクレソフト・ジャパン', '錦織廣徳', 'hironori@wicresoft.com', '105-0003', '第一事業本部　事業本', '東京都港区西新橋3-13-7 MG愛宕ビルディング6階', '03-5425-7138', '', ''),
(181, 'テラ インターナショナル株式会社', '泉順', 'jun-izumi@teraintl.co.jp', '170-0013', 'システム営業本部\nソ', '東京都豊島区東池袋3-4-3 池袋イースト', '03-3984-3045', '', ''),
(182, 'アクティブエージェント株式会社', '浅水達', 't_asamizu@aag.co.jp', '101-0032', 'ITソリューション事', '東京都千代田区岩本町3-10-12　YAMAGENビル8,9F', '03-6427-1939', '', ''),
(183, '株式会社システムエグゼ', '大谷内 淳', 'a-ohyachi@system-exe.co.jp', '104-0033', '営業本部　副本部長', '東京都中央区新川2-1-5　THE WALL ６階（本社）　　　　　　　　　東京都中央区新川２丁目３', '03-5542-5591', '', ''),
(184, 'インターリンク株式会社', '池田朱里', 'aikeda@interlink.ne.jp', '102-0073', '営業部', '東京都千代田区九段北4?1?3飛栄九段北ビル７F', '03-3234-3311', '', ''),
(185, 'エターナル・テクノロジーズ株式会社', '竹田孝治', 'ktakeda1@eternal-t.com', '183-0051', 'Coordinato', '東京都府中市栄町3-11-13-111', '042-401-8231', '', ''),
(186, '株式会社ＥＣＳ', '天方哲', 'amakata@ecs.jp', '102-0072', '営業部', '東京都千代田区飯田橋4丁目5番6号ECS第3ビル', '03-3511-8448', '', ''),
(187, '株式会社フューチャーゲート', '田代政義', 'tashiro@futuregate.jp', '101-0051', '代表取締役', '東京都千代田区神田神保町2-13神保町藤和ビル6F', '03-3263-1781', '', '名刺なし'),
(189, '株式会社ＪＣＤソリューション', '島田雅人', 'm.shimada@jcdsol.co.jp', '110-0015', '取締役　システム基盤', '東京都台東区東上野2-1-13　東上野センタービル6F', '03-5806-4413', '', ''),
(190, '株式会社　システムライン', '藤田　秀己', 'ejobgo@sysline.co.jp', '335-0001', '', '埼玉県蕨市北町１?３?１　２F', '048-447-2024', '', '名刺なし'),
(191, 'TCSホールディングス株式会社', '藤本(営業ご担当者）', 'j.fujimoto@technicalsoft.co.jp', '103-0023', '', '東京都中央区日本橋本町4-8-14　東京建物第3室町ビル', '03-3245-2411　', '', '名刺なし'),
(192, '株式会社ヴァスダックインターバンクシステ', '白熊一寛', 'k.shirokuma@vasdaqj.jp', '104-0061', 'アソシエント', '東京都中央区銀座8-14-9　デュープレックス銀座タワー1102', '03-3541-1581', '', ''),
(193, 'アクティブエージェント株式会社', '氷室美和', 'm_himuro@aag.co.jp', '101-0032', 'ITソリューション事', '東京都千代田区岩本町3-10-12　YAMAGENビル8,9F', '03-6427-1939', '', ''),
(195, '株式会社A-STAR', '平野恵', 'mhirano@astar-sourcing.com', '150-0043', '', '東京都渋谷区道玄坂1-18-1 Shibuya INCS 5F B号室 ', '03-6415-1551　', '', '名刺なし'),
(196, '株式会社CC', '米山謙介', 'k-yoneyama@cccorp.co.jp', '103-0023', '代表取締役', '東京都中央区日本橋本町4丁目8-17 KN日本橋ビル9F', '03-6279-3777', '', ''),
(197, 'リアルシス株式会社', '北川達夫', 'kitagawa@realsys.co.jp', '101-0045', '営業部　統括部長', '東京都千代田区神田鍛冶町3-7-4 KANDA374 3F', '03-5294-4184', '', ''),
(198, '株式会社KP', '北川(営業ご担当者）', 'kitagawa.osami@taupe.plala.or.jp', '101-0021', '', '東京都 千代田区 外神田3-14-3 福栄秋葉原ビル8階', '03-3525-4178', '', '名刺なし'),
(199, 'スズハ情報システム', '鈴木初穂', 'hatsuho@suzuha.co.jp', '260-0844　　', '代表取締役社長', '千葉県千葉市中央区千葉寺町973-17-504       　　　　　　　　　　(営業所）東京都港区', '03-6717-6035', '', ''),
(200, '株式会社sweetsystem', '鈴木(営業ご担当者）', 'ikuzus14@gmail.com', '104-0032 ', '', '東京都中央区八丁堀４?２?２共同ビル７F　　　　　　　　　　　　　', '03?6228?3350　　　', '', '名刺なし'),
(201, '株式会社スタイラジー', '鷲瀧朱佳', 'a-washitaki@stylagy.co.jp', '171-0022', 'Bizエージェンシー', '東京都豊島区南池袋2-14-10瀬川池袋ビル3F', '03-5953-5405', '', ''),
(202, 'アン・コンサルティング株式会社', '濱田雄一', 'hamada@anconsulting.jp', '150-0011', 'コンサルティング事業', '東京都渋谷区東3丁目15番8号　小澤ビル4階', '03-6427-7080', '', ''),
(203, '株式会社I-SOLCOM', '斉藤優', 'm-saito@i-solcom.net', '150-0043', 'SB事業部　事業部長', '東京都渋谷区道玄坂1-12-1 渋谷マークシティーWEST22F', '03-4360-5555', '', ''),
(204, 'Tech Fun株式会社', '櫻豊', 'sakura@techfun.jp', '110-0015', 'セールス＆マーケティ', '東京都台東区東上野1-7-15 野村不動産上野ビル3F', '03-5816-0331', '', ''),
(205, '株式会社加賀ライズ', '山本岳司', 't.yamamoto@kagarise.co.jp', '101-0021', '管理本部　システム営', '東京都千代田区外神田6丁目15番11号日東ビル3階', '03-3839-3516', '', ''),
(206, '株式会社センス', '于悦', 'yu@sense-kk.jp', '170-0005', 'ITコンサル事業部', '東京都豊島区南大塚2-35-3鴨志田ビル6F', '03-6902-9556', '', ''),
(207, '株式会社センス', '高嶋寛之', 'takashima@sense-kk.jp', '170-0005', 'ITコンサル事業部', '東京都豊島区南大塚2-35-3鴨志田ビル6F', '03-6902-9556', '', ''),
(208, '株式会社スタイラジー', '中岡雄一郎', 'y-nakaoka@stylagy.co.jp', '171-0021', 'Bizエージェンシー', '東京都豊島区西池袋3-1-15 西池袋TSビル 9階', '03-5953-5405', '', ''),
(209, '株式会社Spice life', '吉川保男', 'yoshikawa@spicelife.jp', '150-0031', '代表取締役社長', '東京都渋谷区桜丘町4-24 桜ヶ丘平井ビル4F', '', '', ''),
(210, '株式会社e-Front', '三谷　和生 ', 'mitani@e-front.co.jp', '160-0022', '代表取締役', '東京都新宿区新宿1-16-10-5F コスモス御苑ビル ', '03-3356-6131', '', ''),
(211, '株式会社e-Front', '佐々木　大輔', 'sasaki@e-front.co.jp', '160-0022', '第一技術部　部長', '東京都新宿区新宿1-16-10-5F コスモス御苑ビル ', '03-3356-6131', '', ''),
(212, '株式会社クラウドワークス', '吉田　浩一郎', 'yoshida@crowdworks.co.jp', '150-0043', '代表取締役社長　兼　', '東京都渋谷区道玄坂1-8-3　イオレ渋谷ビル7階', '03-6427-8187', '', ''),
(213, '株式会社 スマートテクノロジー', '萩原洋介', 'y.hagiwara@smatec.jp', '104-0061', '', '東京都中央区銀座8-14-9-1102\nデュープレックス銀座タワー11F', '03-3541-1580', '', ''),
(214, '株式会社ＪＣＤソリューション', '深澤晶', 'a.fukazawa@jcdsol.co.jp', '104-6115', '営業部', '東京都中央区晴海1丁目8番11号\n 晴海アイランド トリトンスクエア オフィスタワーY棟15階', '03-6204-9328', '', ''),
(215, 'ICCOM株式会社', '新藤真弓', 'm_shindo@ic-com.co.jp', '153-0063', '', '東京都目黒区目黒1-24-12 オリックス目黒ビル8階', '03-5436-7867', '', ''),
(216, '株式会社インフィニット・フィールド', '山本 豊', 'yutaka_y@infinite-field.co.jp', '116-0013', '代表取締役', '東京都荒川区西日暮里2丁目40番地3号 横山ビル4F', '03-3801-1277', '', ''),
(217, '株式会社エボリューションネット', '黒滝克久', 'k.kurotaki@evonet.co.jp', '169-0075', '', '東京都新宿区高田馬場3-3-3 NIAビル5Ｆ', '03-5348-7707', '', ''),
(218, '株式会社ＪＣＤソリューション', '営業ご担当者', 's_sales@jcdsol.co.jp', '104-6115', '', '東京都中央区晴海1丁目8番11号\n 晴海アイランド トリトンスクエア オフィスタワーY棟15階', '03-6204-9328', '', ''),
(219, '株式会社ジェーシーエス・コミュニケーショ', '武智勝哉', 'takechi@jcsc.co.jp', '100?0013', '', '東京都千代田区霞が関1-4?2 大同生命霞が関ビル18階', '03-5283-6778 ', '', ''),
(220, '株式会社リーデックス', '村田真美子', 'm.murata@reedex.co.jp', '150-0043', '', '東京都渋谷区道玄坂1-22-11 星野ビル7階', '03-6383-4283', '', ''),
(221, '株式会社ジィファム', '生田目', 'yasuto_namatame@gfam.co.jp', '162-0821 ', '', '東京都新宿区津久戸町4-7 OSビル502/802', '03-5206-6411', '', '名刺なし'),
(222, '株式会社フロンティア', '松阪雅彦', 'ses-info@frontier-hr.co.jp', '371-0805 ', '', '群馬県前橋市南町二丁目43番地2　ＳＫ21ビル2Ｆ', '', '', '名刺なし'),
(223, '株式会社アイテック北海道', '庄司直記', 'shoujin@itec-hokkaido.co.jp', '103-0016', '', '東京都中央区日本橋小網町17-18八幡日本橋小網町ビル1階', '03-6264-8864', '', '名刺なし'),
(224, '株式会社ＪＣＤソリューション', '朱愛民', 'a.zhu@jcdsol.co.jp', '104-6115', '取締役\n開発部　担当', '東京都中央区晴海1丁目8番11号\n 晴海アイランド トリトンスクエア オフィスタワーY棟15階', '03-6204-9328', '', ''),
(225, '株式会社　昭和システムエンジニアリング', '山崎幸太郎', 'k.yamasaki@showa-sys-eng.co.jp', '103-0001', '係長', '東京都中央区日本橋小伝馬町15番18号 常和小伝馬町ビル', '03-3639-9051', '', ''),
(226, '株式会社 高知システムズ', '山崎尚', 'yamasaki@ksco.co.jp', '101-0044', '情報システム部　主任', '東京都千代田区鍛冶町1-8-8 神田鍛冶町ビル3F', '03-5577-5262', '', ''),
(227, '株式会社三鋭システム', '佐藤歩美', 'ayumi-sato@sanei-system.co.jp', '101-0021', '', '東京都千代田区外神田6-12-3 ビックウエストビル3号館本館3階', '03-5807-8180', '', ''),
(228, '株式会社ＪＣＤソリューション', '五十嵐麻子', 'a.igarashi@jcdsol.co.jp', '100-0015', '営業部担当部長', '東京都中央区晴海1丁目8番11号\n 晴海アイランド トリトンスクエア オフィスタワーY棟15階', '03-6204-9328', '', ''),
(229, '株式会社ウィクレソフト・ジャパン', '位田', 'inden@wicresoft.com', '105-0003', '', '京都港区西新橋3-13-7 MG愛宕ビルディング6階 ', '03-5425-7138', '', '名刺なし'),
(230, '株式会社協栄情報 ', '馮海軍', 'feng@cp-info.co.jp', '103-0016', '取締役社長', '東京都中央区日本橋小網町17-18 \n藤和日本橋小網町ビル5F', '03-6661-9858', '', ''),
(231, '株式会社日進', '崔芸硯', 'cui.yunyan@nisshin-g.co.jp', '103-0001', '営業担当', '東京都中央区日本橋小伝馬町6-1日本橋243ビル8階', '03-5652-7336', '', ''),
(232, '株式会社日進', '唐澤', 'karasawa@nisshin-g.co.jp', '102-0083 ', '', '東京都千代田区?町4階', '03-4530-6328', '', ''),
(233, '日本光超株式会社', '営業ご担当者', 'eigyo@lspit.co.jp', '101-0032', '', '東京都台東区台東3-17-1ダイアバレ 御徒町V103', '03?6803?2497', '', ''),
(234, '株式会社 マルチテクノロジー ', '王金林', 'wang@multi-tech.co.jp', '103-0004 ', '代表取締役', '東京都中央区東日本橋2-8-5 東日本橋グリーンビルアネックス９F', '03-5833-5581', '', ''),
(235, 'ゼネラル・ビジネス・サービス株式会社 ', '営業ご担当者', 'info@gbs-grp.com', '102-0074 ', '', '東京都千代田区九段南1丁目6番17号　千代田会館ビル2・3F', '03-5216-5500', '', '名刺なし'),
(236, '株式会社三鋭システム', '閻暁華', 'en-yanxiaohua@sanei-system.co.jp', '101-0021', '', '東京都千代田区外神田6-12-3 ビックウエストビル3号館本館3階', '03-5807-8180', '', ''),
(237, 'ビットクロス株式会社 ', '営業ご担当者', 'gongxl@bitcross.co.jp', '260-0025 ', '', '千葉県千葉市中央区問屋町5番21-1008号 ', '043-400-8237', '', '名刺なし'),
(238, '株式会社センス', '営業ご担当者', 'sales@sense-kk.jp', '170-0005 ', '', '東京都豊島区南大塚2-35-3　鴨志田ビル6F', '03-6902-9556', '', '名刺なし'),
(239, '株式会社ソフデベロッパー', '王軒', 'oh@sof-developer.co.jp', '', '', '', '', '', '名刺なし'),
(240, '日本ファイナンシャル・エンジニアリング株', '原田優介', 'harada_yuusuke@jfe.co.jp', '141-0022', '第二営業部', '東京都品川区東五反田2-20-4　NOF高輪ビル6F', '03-5447-1855', '', ''),
(241, 'レプラホーン株式会社', '小井沼', 'koinuma@lepra.jp', '170-0013', '営業部', '東京都豊島区東池袋2-1-3　MKビル６F', '080-4158-3176', '', ''),
(242, '株式会社インフォメーションポート', '渡辺香奈子', 'kanako_watanabe@ipc-mail.co.jp', '163-0715 ', '営業統括本部\nシステ', '東京都新宿区西新宿2-7-1　小田急第一生命ビル15F ', '080-7018-8412', '', ''),
(243, 'メディアジョイント株式会社', '畠山沙耶', 's_hatakeyama@mediajoint.co.jp', '105-0004', 'システム営業部', '東京都港区新橋3-1-11　長友ランディックビル6F', '080-3589-8458', '', ''),
(244, '株式会社Sunborn', '小林鉄平', 'kobayashi.teppei@sunborn.co.jp', '107-0062', '', '東京都港区南青山5-15-9　フラット青山308', '03-6427-2575', '', ''),
(245, '株式会社アクロビジョン', '西村健', 'nishimura@acrovision.co.jp', '170-0013 ', 'ITソリューション事', '東京都豊島区東池袋1-35-3　池袋センタービル８F', '０７０?５５５５?８４０４', '', ''),
(246, '株式会社シンメトリクス', '森島', 'h.morishima@symmetrix.co.jp', '', '執行役', '', '', '', ''),
(247, '株式会社シンメトリクス', '西島', 'r.nishijima@symmetrix.co.jp', '', '', '', '', '', ''),
(248, 'コンピュータリピート株式会社', '松阪新', 'a-matsusaka@computerrepeat.co.jp', '141-0031', '営業部課長', '東京都品川区西五反田1-27-4五反田丸江ビル8F', '080-1340-0911', '', ''),
(249, 'アクシーズ株式会社', '武田智子', 'tomoko.takeda@axeeds.com', '103-0023 ', '', '東京都中央区日本橋本町4-4-11　永井ビル5A', '03-6214-0017 ', '', ''),
(250, '株式会社クロスパワー', '寺田桜代子', 'sayoko-terada@x-power.co.jp', '101-0025', '', '東京都千代田区神田佐久間町1-9　第7東ビル9階', '070-5569-4337', '', ''),
(251, '株式会社イー・ビジネス', '丁玲', 'dingling@e-business.co.jp', '105-0014', '営業1部', '東京都港区芝2-28-8　芝2丁目ビル10階', '080-3026-3213', '', ''),
(252, '株式会社イー・ビジネス', '趙威', 'zhaowei@e-business.co.jp', '105-0014', '執行役員\n営業1部マ', '東京都港区芝2-28-8　芝2丁目ビル10階', '080-3515-1089', '', ''),
(253, '株式会社ノードコムSAFE', '田中太貴', 'hi.tanaka@nodecom.jp', '160-0023', '', '東京都新宿区西新宿6-15-1　セントラルパークタワーラ・トゥール新宿409', '080-1884-3870', '', ''),
(254, '株式会社COBOL', '岡村秀寿', 'hi-okamura@cobol.co.jp', '101-0054 ', '執行役員\n営業部部長', '東京都千代田区神田錦町2-1-8　竹橋ビル　３F ', '090-2243-3337', '', '');
INSERT INTO `auto_post` (`number`, `company`, `manager`, `email`, `zip_code`, `position`, `address`, `tel`, `mobile`, `other`) VALUES
(255, '株式会社COBOL', '中西宏和', 'h-nakanishi@cobol.co.jp', '101-0054 ', '営業部', '東京都千代田区神田錦町2-1-8　竹橋ビル　３F ', '090-7194-1340', '', ''),
(256, '株式会社レッツ・ビジネスブレーン', '朴美燕', 'paku@letsbb.net', '160-0007', '取締役営業部長', '東京都新宿区荒木町４番地　森初ビル３階', '080-9652-3388 ', '', ''),
(257, '長城コンサルティング株式会社', '薛少白', 'xueshaobai@chojo.co.jp', '101-0045', 'システム開発事業部\n', '東京都千代田区神田鍛冶町3-3-1　栄立ビル4階', '090-9953-8268', '', ''),
(258, '株式会社インフィニット・フィールド', '池上慎一', 'ikegami@infinite-field.co.jp', '116-0013', '管理統括本部\n経営戦', '東京都荒川区西日暮里2丁目40番地3号 横山ビル4F', '', '', ''),
(259, '株式会社日本南天', '林志宇', 'rin@nantian.co.jp', '103-0025 ', '代表取締役', '東京都中央区日本橋茅場町2-17-5 CANALL 日本橋５F ', '090-9971-7861', '', ''),
(260, 'ポピュラーソフト株式会社', '松田忠', 'tmatsuda@popular-soft.com', '110-0005', '部長', '東京都台東区上野1-11-9 イマスサニービル', '', '', ''),
(261, '株式会社eビジネスソリューション', '郭亮', 'kaku@ebskk.com', '135-0043', '代表取締役', '東京都江東区塩浜２丁目１３番地１１', '090-2439-4337', '', ''),
(262, '', '', '', '', '', '', '', '', '');

-- --------------------------------------------------------

--
-- テーブルの構造 `customer`
--

CREATE TABLE IF NOT EXISTS `customer` (
  `code` varchar(3) CHARACTER SET sjis NOT NULL,
  `name` varchar(128) CHARACTER SET sjis DEFAULT NULL,
  `owner` varchar(50) CHARACTER SET sjis NOT NULL,
  `mail` varchar(255) CHARACTER SET sjis NOT NULL,
  `postcode` text CHARACTER SET sjis NOT NULL,
  `address` varchar(255) CHARACTER SET sjis NOT NULL,
  `manager1` varchar(50) CHARACTER SET sjis NOT NULL,
  `mail1` varchar(50) CHARACTER SET sjis NOT NULL,
  `manager2` varchar(50) CHARACTER SET sjis NOT NULL,
  `mail2` varchar(50) CHARACTER SET sjis NOT NULL,
  `tel` varchar(30) CHARACTER SET sjis NOT NULL,
  `fax` varchar(30) CHARACTER SET sjis NOT NULL,
  `tmp1` int(128) DEFAULT NULL,
  `tmp2` varchar(128) CHARACTER SET sjis DEFAULT NULL,
  `tmp3` varchar(128) CHARACTER SET sjis DEFAULT NULL,
  `updateuser` varchar(20) CHARACTER SET sjis NOT NULL,
  `updatetime` timestamp NOT NULL DEFAULT CURRENT_TIMESTAMP ON UPDATE CURRENT_TIMESTAMP,
  `version` int(11) NOT NULL
) ENGINE=InnoDB DEFAULT CHARSET=utf8 COLLATE=utf8_unicode_ci;

--
-- テーブルのデータのダンプ `customer`
--

INSERT INTO `customer` (`code`, `name`, `owner`, `mail`, `postcode`, `address`, `manager1`, `mail1`, `manager2`, `mail2`, `tel`, `fax`, `tmp1`, `tmp2`, `tmp3`, `updateuser`, `updatetime`, `version`) VALUES
('001', '日鉄日立システムエンジニアリング株式会社', 'taibiao', 'mail@mail.com', 'youbian', 'zhusuo', 'dandang1', 'mail1', 'dandang2', 'mail2', '3', '80', NULL, NULL, NULL, 'yinnan', '2014-12-09 01:58:11', 1),
('002', '日立公共システムエンジニアリング株式会社', '', '', '', '', '', '', '', '', '0', '0', NULL, NULL, NULL, 'yinnan', '2011-05-25 06:40:44', 1),
('003', '味の素システムエンジニアリング株式会社', '', '', '', '', '', '', '', '', '0', '0', NULL, NULL, NULL, 'yinnan', '2011-05-25 06:40:44', 1),
('004', 'リアルシス株式会社', '', '', '', '', '', '', '', '', '0', '0', NULL, NULL, NULL, 'yinnan', '2011-05-25 06:41:43', 1),
('005', '日本恒生ソフトウェア株式会社', '', '', '', '', '', '', '', '', '0', '0', NULL, NULL, NULL, 'yinnan', '2011-05-25 06:43:42', 1),
('006', '株式会社ウィクレソフト・ジャパン', '', '', '', '', '', '', '', '', '0', '0', NULL, NULL, NULL, 'yinnan', '2011-05-25 06:47:08', 1),
('007', 'アイテックジャパン株式会社', '', '', '', '', '', '', '', '', '0', '0', NULL, NULL, NULL, 'yinnan', '2011-05-25 06:49:38', 1),
('008', '株式会社サイバーフロンティア', '', '', '', '', '', '', '', '', '0', '0', NULL, NULL, NULL, 'yinnan', '2011-05-25 06:49:38', 1),
('009', '中軟東京株式会社', '', '', '', '', '', '', '', '', '0', '0', NULL, NULL, NULL, 'yinnan', '2011-05-25 06:51:04', 1),
('010', '株式会社アイエス・プレーン', '', '', '', '', '', '', '', '', '0', '0', NULL, NULL, NULL, 'yin_test', '2011-06-17 08:19:56', 1),
('011', '株式会社アイディア', '', '', '', '', '', '', '', '', '0', '0', NULL, NULL, NULL, 'yinnan', '2011-05-25 06:55:32', 1),
('012', '有限会社クライテックシステム', '', '', '', '', '', '', '', '', '0', '0', NULL, NULL, NULL, 'yinnan', '2011-05-25 06:55:32', 1),
('013', '株式会社ベスト・コム', '', '', '', '', '', '', '', '', '0', '0', NULL, NULL, NULL, 'yinnan', '2011-05-25 06:55:32', 1),
('014', '株式会社ケイ開発', '', '', '', '', '', '', '', '', '0', '0', NULL, NULL, NULL, 'yinnan', '2011-05-25 06:55:32', 1),
('015', '株式会社ウィン', '', '', '', '', '', '', '', '', '0', '0', NULL, NULL, NULL, 'yinwen', '2011-06-15 06:42:34', 1),
('016', '万国ソフト株式会社', '', '', '', '', '', '', '', '', '0', '0', NULL, NULL, NULL, 'yinwen', '2011-06-15 06:43:17', 1),
('017', '株式会社京葉情報システム', '', '', '', '', '', '', '', '', '0', '0', NULL, NULL, NULL, 'yinwen', '2011-06-15 06:44:01', 1),
('018', '株式会社アーバンシステム', '', '', '', '', '', '', '', '', '0', '0', NULL, NULL, NULL, 'yin_test', '2012-04-13 06:16:34', 1),
('019', '株式会社ディー・トレンド・ジャパン', '', '', '', '', '', '', '', '', '0', '0', NULL, NULL, NULL, 'yin_test', '2012-04-13 06:45:02', 1),
('020', '株式会社システムクリエーション', '', '', '', '', '', '', '', '', '0', '0', NULL, NULL, NULL, 'yin_test', '2012-04-13 06:46:27', 1),
('021', '株式会社シスパー', '', '', '', '', '', '', '', '', '0', '0', NULL, NULL, NULL, 'yin_test', '2012-04-13 06:46:27', 1),
('022', '中川広産株式会社', '', '', '', '', '', '', '', '', '0', '0', NULL, NULL, NULL, 'yin_test', '2012-04-13 06:46:27', 1),
('023', '新華情報システム株式会社', '', '', '', '', '', '', '', '', '0', '0', NULL, NULL, NULL, 'yin_test', '2012-04-13 06:46:27', 1),
('024', 'テラインターナショナル株式会社', '', '', '', '', '', '', '', '', '0', '0', NULL, NULL, NULL, 'yin_test', '2012-04-13 06:46:27', 1),
('025', '株式会社高知システムズ', '', '', '', '', '', '', '', '', '0', '0', NULL, NULL, NULL, 'yin_test', '2012-04-13 06:46:27', 1),
('026', '株式会社サンコム', '', '', '', '', '', '', '', '', '0', '0', NULL, NULL, NULL, 'yin_test', '2012-04-13 06:46:27', 1),
('027', '株式会社JCBC', '', '', '', '', '', '', '', '', '0', '0', NULL, NULL, NULL, 'yin_test', '2012-04-13 06:46:27', 1),
('028', '株式会社バンガードシステム', '', '', '', '', '', '', '', '', '0', '0', NULL, NULL, NULL, 'yin_test', '2012-04-13 06:46:27', 1),
('029', '株式会社　アジアンリンク', '', '', '', '', '', '', '', '', '0', '0', NULL, NULL, NULL, 'yin_test', '2012-04-13 06:46:27', 1),
('030', '株式会社プレイス＆アビリティ', '', '', '', '', '', '', '', '', '0', '0', NULL, NULL, NULL, 'yin_test', '2012-04-13 06:46:27', 1),
('031', 'アールケイシステムズ株式会社', '', '', '', '', '', '', '', '', '0', '0', NULL, NULL, NULL, 'yin_test', '2012-04-13 06:46:27', 1),
('032', '株式会社システム技研', '', '', '', '', '', '', '', '', '0', '0', NULL, NULL, NULL, 'yin_test', '2012-04-13 06:46:27', 1),
('033', '株式会社ソフトアドバンス', '', '', '', '', '', '', '', '', '0', '0', NULL, NULL, NULL, 'yin_test', '2012-04-13 06:46:27', 1),
('034', '株式会社アドバンテックス', '', '', '', '', '', '', '', '', '0', '0', NULL, NULL, NULL, 'yin_test', '2012-04-13 06:46:27', 1),
('035', '株式会社イーバイピー', '', '', '', '', '', '', '', '', '0', '0', NULL, NULL, NULL, 'yin_test', '2012-04-13 06:46:27', 1),
('036', '株式会社COBOL', '', '', '', '', '', '', '', '', '0', '0', NULL, NULL, NULL, 'yin_test', '2012-04-13 06:46:27', 1),
('037', 'ijoi', 'jijo', 'joi', 'kjoi', 'jioj', 'oijo', 'joij', 'oij', 'joijio', '56', '34333', NULL, NULL, NULL, 'yin_test', '2014-10-22 06:55:49', 1),
('038', 'mingzi', 'taibiaomi', 'mail@maimai', 'youbianhaoma', 'zhuzhishi', 'dangdan111', 'dangdang1@mai', 'dangdang222', 'dangdag2@mail', '365547382', '4564', NULL, NULL, NULL, 'yin_test', '2014-10-22 07:13:10', 1);

-- --------------------------------------------------------

--
-- テーブルの構造 `department`
--

CREATE TABLE IF NOT EXISTS `department` (
  `code` varchar(3) CHARACTER SET sjis NOT NULL DEFAULT '',
  `department` varchar(128) CHARACTER SET sjis DEFAULT NULL,
  `boss` varchar(50) CHARACTER SET sjis NOT NULL,
  `manager1` varchar(50) CHARACTER SET sjis NOT NULL,
  `manager2` varchar(50) CHARACTER SET sjis NOT NULL,
  `updateuser` varchar(20) CHARACTER SET sjis NOT NULL DEFAULT '',
  `updatetime` timestamp NOT NULL DEFAULT CURRENT_TIMESTAMP,
  `version` int(11) NOT NULL
) ENGINE=InnoDB DEFAULT CHARSET=utf8 COLLATE=utf8_unicode_ci;

--
-- テーブルのデータのダンプ `department`
--

INSERT INTO `department` (`code`, `department`, `boss`, `manager1`, `manager2`, `updateuser`, `updatetime`, `version`) VALUES
('001', '第一事業部', '', '', '', 'yinnan', '2014-10-24 00:58:45', 1),
('002', '第二事業部', '', '', '', 'yinnan', '2011-05-25 06:08:34', 1),
('003', '第三事業部', '', '', '', 'yin_test', '2014-10-22 07:30:29', 1),
('004', '管理部', '', '', '', 'yin_test', '2014-10-22 07:30:40', 1);

-- --------------------------------------------------------

--
-- テーブルの構造 `doctype`
--

CREATE TABLE IF NOT EXISTS `doctype` (
  `code` varchar(1) CHARACTER SET sjis NOT NULL,
  `name` varchar(20) CHARACTER SET sjis NOT NULL,
  `updateuser` varchar(20) CHARACTER SET sjis NOT NULL,
  `updatetime` timestamp NOT NULL DEFAULT CURRENT_TIMESTAMP ON UPDATE CURRENT_TIMESTAMP,
  `version` int(11) NOT NULL
) ENGINE=InnoDB DEFAULT CHARSET=utf8 COLLATE=utf8_unicode_ci;

--
-- テーブルのデータのダンプ `doctype`
--

INSERT INTO `doctype` (`code`, `name`, `updateuser`, `updatetime`, `version`) VALUES
('S', '見積書', 'yinnan', '2011-05-25 07:07:54', 1),
('T', '注文書', 'yinnan', '2011-05-25 07:07:54', 1),
('I', '請求書', 'yinnan', '2011-05-25 07:07:54', 1);

-- --------------------------------------------------------

--
-- テーブルの構造 `fileman`
--

CREATE TABLE IF NOT EXISTS `fileman` (
  `seqno` varchar(14) CHARACTER SET sjis NOT NULL,
  `typecode` varchar(1) CHARACTER SET sjis NOT NULL,
  `depcode` varchar(3) CHARACTER SET sjis NOT NULL,
  `custcode` varchar(3) CHARACTER SET sjis NOT NULL,
  `filepath` varchar(256) CHARACTER SET sjis DEFAULT NULL,
  `filename` varchar(128) CHARACTER SET sjis DEFAULT NULL,
  `updateuser` varchar(20) CHARACTER SET sjis NOT NULL,
  `updatetime` timestamp NOT NULL DEFAULT CURRENT_TIMESTAMP ON UPDATE CURRENT_TIMESTAMP,
  `version` int(11) NOT NULL
) ENGINE=InnoDB DEFAULT CHARSET=utf8 COLLATE=utf8_unicode_ci;

--
-- テーブルのデータのダンプ `fileman`
--

INSERT INTO `fileman` (`seqno`, `typecode`, `depcode`, `custcode`, `filepath`, `filename`, `updateuser`, `updatetime`, `version`) VALUES
('S0011410001001', 'S', '001', '001', NULL, NULL, 'yin_test', '2014-10-29 07:50:41', 1),
('S0011410001002', 'S', '001', '001', NULL, NULL, 'yin_test', '2014-10-29 07:51:50', 1),
('S0011411001001', 'S', '001', '001', NULL, NULL, 'yin_test', '2014-11-04 01:49:15', 1),
('T0011411001001', 'T', '001', '001', NULL, NULL, 'yin_test', '2014-11-04 03:03:36', 1),
('T0011411001002', 'T', '001', '001', NULL, NULL, 'yin_test', '2014-11-04 03:15:46', 1),
('T0011411003001', 'T', '001', '003', NULL, NULL, 'yin_test', '2014-11-04 04:53:07', 1),
('T0011411003002', 'T', '001', '003', NULL, NULL, 'yin_test', '2014-11-04 05:15:50', 1),
('T0011411003003', 'T', '001', '003', NULL, NULL, 'yin_test', '2014-11-04 05:20:58', 1),
('T0011411003004', 'T', '001', '003', NULL, NULL, 'yin_test', '2014-11-04 07:10:23', 1),
('T0011411003005', 'T', '001', '003', NULL, NULL, 'yin_test', '2014-11-04 07:30:13', 1),
('T0011411003006', 'T', '001', '003', NULL, NULL, 'yin_test', '2014-11-04 08:33:35', 1),
('T0011411003007', 'T', '001', '003', NULL, NULL, 'yin_test', '2014-11-04 08:55:10', 1),
('S0011411001002', 'S', '001', '001', NULL, NULL, 'yin_test', '2014-11-04 09:02:17', 1),
('S0011411001003', 'S', '001', '001', NULL, NULL, 'yin_test', '2014-11-05 00:59:12', 1),
('S0011411001004', 'S', '001', '001', NULL, NULL, 'yin_test', '2014-11-05 01:05:16', 1),
('S0011411001005', 'S', '001', '001', NULL, NULL, 'yin_test', '2014-11-05 01:20:08', 1),
('S0011411001006', 'S', '001', '001', NULL, NULL, 'yin_test', '2014-11-07 06:00:29', 1),
('I0011411001001', 'I', '001', '001', NULL, NULL, 'yin_test', '2014-11-11 00:57:24', 1),
('I0011411001002', 'I', '001', '001', NULL, NULL, 'yin_test', '2014-11-11 00:57:29', 1),
('I0011411001003', 'I', '001', '001', NULL, NULL, 'yin_test', '2014-11-11 00:57:42', 1),
('I0011411001004', 'I', '001', '001', NULL, NULL, 'yin_test', '2014-11-11 07:38:22', 1),
('I0011411001005', 'I', '001', '001', NULL, NULL, 'yin_test', '2014-11-11 08:06:42', 1),
('I0011411001006', 'I', '001', '001', NULL, NULL, 'yin_test', '2014-11-12 00:59:38', 1),
('I0011411001007', 'I', '001', '001', NULL, NULL, 'yin_test', '2014-11-12 01:23:07', 1),
('I0011411001008', 'I', '001', '001', NULL, NULL, 'yin_test', '2014-11-12 05:02:08', 1),
('I0011411001009', 'I', '001', '001', NULL, NULL, 'yin_test', '2014-11-12 05:07:04', 1),
('I0011411001010', 'I', '001', '001', NULL, NULL, 'yin_test', '2014-11-12 05:12:41', 1),
('I0011411001011', 'I', '001', '001', NULL, NULL, 'yin_test', '2014-11-12 05:15:21', 1),
('I0011411001012', 'I', '001', '001', NULL, NULL, 'yin_test', '2014-11-12 05:22:26', 1),
('I0011411001013', 'I', '001', '001', NULL, NULL, 'yin_test', '2014-11-12 05:31:25', 1),
('I0011411001014', 'I', '001', '001', NULL, NULL, 'yin_test', '2014-11-12 05:46:29', 1),
('I0011411001015', 'I', '001', '001', NULL, NULL, 'yin_test', '2014-11-12 05:47:53', 1),
('I0011411001016', 'I', '001', '001', NULL, NULL, 'yin_test', '2014-11-12 05:50:44', 1),
('I0011411001017', 'I', '001', '001', NULL, NULL, 'yin_test', '2014-11-12 06:08:36', 1),
('I0011411001018', 'I', '001', '001', NULL, NULL, 'yin_test', '2014-11-12 06:19:53', 1),
('I0011411001019', 'I', '001', '001', NULL, NULL, 'yin_test', '2014-11-12 06:24:01', 1),
('I0011411001020', 'I', '001', '001', NULL, NULL, 'yin_test', '2014-11-12 06:29:09', 1),
('I0011411001021', 'I', '001', '001', NULL, NULL, 'yin_test', '2014-11-12 06:30:44', 1),
('I0011411001022', 'I', '001', '001', NULL, NULL, 'yin_test', '2014-11-12 06:34:10', 1),
('I0011411001023', 'I', '001', '001', NULL, NULL, 'yin_test', '2014-11-12 07:30:02', 1),
('I0011411001024', 'I', '001', '001', NULL, NULL, 'yin_test', '2014-11-12 07:51:23', 1),
('S0011411001007', 'S', '001', '001', NULL, NULL, 'yin_test', '2014-11-12 07:52:56', 1),
('I0011411001025', 'I', '001', '001', NULL, NULL, 'yin_test', '2014-11-18 01:01:03', 1),
('I0011411003001', 'I', '001', '003', NULL, NULL, 'yin_test', '2014-11-18 03:18:30', 1),
('I0011411011001', 'I', '001', '011', NULL, NULL, 'yin_test', '2014-11-18 07:40:51', 1),
('S0011411001008', 'S', '001', '001', NULL, NULL, 'yin_test', '2014-11-19 01:19:19', 1),
('S0011411001009', 'S', '001', '001', NULL, NULL, 'yin_test', '2014-11-19 01:32:16', 1),
('S0011411001010', 'S', '001', '001', NULL, NULL, 'yin_test', '2014-11-19 03:15:30', 1),
('S0011411001011', 'S', '001', '001', NULL, NULL, 'yin_test', '2014-11-19 03:16:49', 1),
('S0011411001012', 'S', '001', '001', NULL, NULL, 'yin_test', '2014-11-19 03:25:15', 1),
('S0011411001013', 'S', '001', '001', NULL, NULL, 'yin_test', '2014-11-20 03:01:24', 1),
('S0011411001014', 'S', '001', '001', NULL, NULL, 'yin_test', '2014-11-20 07:07:00', 1),
('I0011411001026', 'I', '001', '001', NULL, NULL, 'yin_test', '2014-11-25 01:01:24', 1),
('I0011411001027', 'I', '001', '001', NULL, NULL, 'yin_test', '2014-11-25 03:24:00', 1),
('S0011411001015', 'S', '001', '001', NULL, NULL, 'yin_test', '2014-11-25 08:36:54', 1),
('I0011411001028', 'I', '001', '001', NULL, NULL, 'yin_test', '2014-11-25 08:37:39', 1),
('I0011411003002', 'I', '001', '003', NULL, NULL, 'yin_test', '2014-11-26 01:33:19', 1),
('I0011411003003', 'I', '001', '003', NULL, NULL, 'yin_test', '2014-11-26 02:07:11', 1),
('I0011411003004', 'I', '001', '003', NULL, NULL, 'yin_test', '2014-11-26 02:53:55', 1),
('I0011411003005', 'I', '001', '003', NULL, NULL, 'yin_test', '2014-11-26 03:17:47', 1),
('I0011411003006', 'I', '001', '003', NULL, NULL, 'yin_test', '2014-11-26 03:17:54', 1),
('I0011411003007', 'I', '001', '003', NULL, NULL, 'yin_test', '2014-11-26 03:17:58', 1),
('I0011411003008', 'I', '001', '003', NULL, NULL, 'yin_test', '2014-11-26 03:19:04', 1),
('I0011411003009', 'I', '001', '003', NULL, NULL, 'yin_test', '2014-11-26 03:30:39', 1),
('T0011411003008', 'T', '001', '003', NULL, NULL, 'yin_test', '2014-11-26 04:40:55', 1),
('T0011411003009', 'T', '001', '003', NULL, NULL, 'yin_test', '2014-11-26 04:42:33', 1),
('T0011411003010', 'T', '001', '003', NULL, NULL, 'yin_test', '2014-11-26 05:16:13', 1),
('T0011411003011', 'T', '001', '003', NULL, NULL, 'yin_test', '2014-11-26 05:24:07', 1),
('T0011411003012', 'T', '001', '003', NULL, NULL, 'yin_test', '2014-11-26 05:25:33', 1),
('T0011411003013', 'T', '001', '003', NULL, NULL, 'yin_test', '2014-11-26 06:39:12', 1),
('T0011411003014', 'T', '001', '003', NULL, NULL, 'yin_test', '2014-11-26 06:54:32', 1),
('T0011411003015', 'T', '001', '003', NULL, NULL, 'yin_test', '2014-11-26 07:07:10', 1),
('T0011411003016', 'T', '001', '003', NULL, NULL, 'yin_test', '2014-11-26 07:10:52', 1),
('T0011411022001', 'T', '001', '022', NULL, NULL, 'yin_test', '2014-11-26 07:18:58', 1),
('T0011411022002', 'T', '001', '022', NULL, NULL, 'yin_test', '2014-11-26 07:22:46', 1),
('T0011411022003', 'T', '001', '022', NULL, NULL, 'yin_test', '2014-11-26 07:35:30', 1),
('T0011411022004', 'T', '001', '022', NULL, NULL, 'yin_test', '2014-11-26 07:47:25', 1),
('I0011411022001', 'I', '001', '022', NULL, NULL, 'yin_test', '2014-11-26 08:10:42', 1),
('T0011411022005', 'T', '001', '022', NULL, NULL, 'yin_test', '2014-11-26 08:27:49', 1),
('T0011411022006', 'T', '001', '022', NULL, NULL, 'yin_test', '2014-11-26 08:31:40', 1),
('T0011411022007', 'T', '001', '022', NULL, NULL, 'yin_test', '2014-11-26 08:34:22', 1),
('T0011411022008', 'T', '001', '022', NULL, NULL, 'yin_test', '2014-11-26 08:36:06', 1),
('T0011411001003', 'T', '001', '001', NULL, NULL, 'yin_test', '2014-11-28 01:25:34', 1),
('T0011411001004', 'T', '001', '001', NULL, NULL, 'yin_test', '2014-11-28 01:53:02', 1),
('T0011411001005', 'T', '001', '001', NULL, NULL, 'yin_test', '2014-11-28 01:55:34', 1),
('T0011411001006', 'T', '001', '006', NULL, NULL, 'yin_test', '2014-11-28 02:10:54', 1),
('T0041411026001', 'T', '004', '001', NULL, NULL, 'yin_test', '2014-11-28 02:15:52', 1),
('T0031411034001', 'T', '003', '034', NULL, NULL, 'yin_test', '2014-11-28 02:18:48', 1),
('T0031411034002', 'T', '003', '034', NULL, NULL, 'yin_test', '2014-11-28 02:37:54', 1),
('T0031411034003', 'T', '003', '034', NULL, NULL, 'yin_test', '2014-11-28 02:39:51', 1),
('T0031411034004', 'T', '003', '034', NULL, NULL, 'yin_test', '2014-11-28 02:49:13', 1),
('T0031411034005', 'T', '003', '034', NULL, NULL, 'yin_test', '2014-11-28 02:51:04', 1),
('T0031411034006', 'T', '003', '034', NULL, NULL, 'yin_test', '2014-11-28 02:51:14', 1),
('T0031411034007', 'T', '003', '034', NULL, NULL, 'yin_test', '2014-11-28 02:56:18', 1),
('T0031411034008', 'T', '003', '034', NULL, NULL, 'yin_test', '2014-11-28 03:02:17', 1),
('T0031411034009', 'T', '003', '034', NULL, NULL, 'yin_test', '2014-11-28 03:03:28', 1),
('T0031411034010', 'T', '003', '034', NULL, NULL, 'yin_test', '2014-11-28 03:04:28', 1),
('T0031411034011', 'T', '003', '034', NULL, NULL, 'yin_test', '2014-11-28 03:09:17', 1),
('T0031411034012', 'T', '003', '034', NULL, NULL, 'yin_test', '2014-11-28 03:10:55', 1),
('T0031411034013', 'T', '003', '034', NULL, NULL, 'yin_test', '2014-11-28 03:13:18', 1),
('T0031411034014', 'T', '003', '034', NULL, NULL, 'yin_test', '2014-11-28 03:15:51', 1),
('T0031411034015', 'T', '003', '034', NULL, NULL, 'yin_test', '2014-11-28 03:17:50', 1),
('T0031411034016', 'T', '003', '034', NULL, NULL, 'yin_test', '2014-11-28 03:22:31', 1),
('T0031411034017', 'T', '003', '034', NULL, NULL, 'yin_test', '2014-11-28 03:23:07', 1),
('T0031411034018', 'T', '003', '034', NULL, NULL, 'yin_test', '2014-11-28 03:26:09', 1),
('T0031411034019', 'T', '003', '034', NULL, NULL, 'yin_test', '2014-11-28 03:26:32', 1),
('T0031411034020', 'T', '003', '034', NULL, NULL, 'yin_test', '2014-11-28 03:30:07', 1),
('T0031411034021', 'T', '003', '034', NULL, NULL, 'yin_test', '2014-11-28 03:49:29', 1),
('T0031411034022', 'T', '003', '034', NULL, NULL, 'yin_test', '2014-11-28 05:00:49', 1),
('T0031411034023', 'T', '003', '034', NULL, NULL, 'yin_test', '2014-11-28 05:05:04', 1),
('T0031411034024', 'T', '003', '034', NULL, NULL, 'yin_test', '2014-11-28 05:08:01', 1),
('T0031411034025', 'T', '003', '034', NULL, NULL, 'yin_test', '2014-11-28 05:08:15', 1),
('T0031411034026', 'T', '003', '034', NULL, NULL, 'yin_test', '2014-11-28 05:08:32', 1),
('T0031411034027', 'T', '003', '034', NULL, NULL, 'yin_test', '2014-11-28 05:10:42', 1),
('T0031411034028', 'T', '003', '034', NULL, NULL, 'yin_test', '2014-11-28 05:12:25', 1),
('T0031411034029', 'T', '003', '034', NULL, NULL, 'yin_test', '2014-11-28 05:13:34', 1),
('T0031411034030', 'T', '003', '034', NULL, NULL, 'yin_test', '2014-11-28 05:14:39', 1),
('T0031411034031', 'T', '003', '034', NULL, NULL, 'yin_test', '2014-11-28 05:16:54', 1),
('T0031411034032', 'T', '003', '034', NULL, NULL, 'yin_test', '2014-11-28 05:18:00', 1),
('T0031411034033', 'T', '003', '034', NULL, NULL, 'yin_test', '2014-11-28 05:23:37', 1),
('T0031411034034', 'T', '003', '034', NULL, NULL, 'yin_test', '2014-11-28 05:31:28', 1),
('I0031411034001', 'I', '003', '034', NULL, NULL, 'yin_test', '2014-11-28 05:32:27', 1),
('I0011411001029', 'I', '001', '001', NULL, NULL, 'yin_test', '2014-11-28 05:57:40', 1),
('I0011411001030', 'I', '001', '001', NULL, NULL, 'yin_test', '2014-11-28 05:58:53', 1),
('T0011411001007', 'T', '001', '001', NULL, NULL, 'yin_test', '2014-11-28 06:04:01', 1),
('I0011411001031', 'I', '001', '001', NULL, NULL, 'yin_test', '2014-11-28 06:10:08', 1),
('I0011411001032', 'I', '001', '001', NULL, NULL, 'yin_test', '2014-11-28 06:16:04', 1),
('I0011411001033', 'I', '001', '001', NULL, NULL, 'yin_test', '2014-11-28 06:26:05', 1),
('I0011411001034', 'I', '001', '001', NULL, NULL, 'yin_test', '2014-11-28 06:44:35', 1),
('I0011411001035', 'I', '001', '001', NULL, NULL, 'yin_test', '2014-11-28 06:48:52', 1),
('S0011411001016', 'S', '001', '001', NULL, NULL, 'yin_test', '2014-11-28 06:55:46', 1),
('I0011411001036', 'I', '001', '001', NULL, NULL, 'yin_test', '2014-11-28 06:56:02', 1),
('I0011411001037', 'I', '001', '001', NULL, NULL, 'yin_test', '2014-11-28 06:58:18', 1),
('T0011411001008', 'T', '001', '001', NULL, NULL, 'yin_test', '2014-11-28 07:00:12', 1),
('I0011411001038', 'I', '001', '001', NULL, NULL, 'yin_test', '2014-11-28 07:04:26', 1),
('T0011411001009', 'T', '001', '001', NULL, NULL, 'yin_test', '2014-11-28 07:04:36', 1),
('T0011411001010', 'T', '001', '001', NULL, NULL, 'yin_test', '2014-11-28 07:15:13', 1),
('T0011411001011', 'T', '001', '001', NULL, NULL, 'yin_test', '2014-11-28 07:17:58', 1),
('T0011411001012', 'T', '001', '001', NULL, NULL, 'yin_test', '2014-11-28 07:20:06', 1),
('T0011411001013', 'T', '001', '001', NULL, NULL, 'yin_test', '2014-11-28 07:44:39', 1),
('T0011411001014', 'T', '001', '001', NULL, NULL, 'yin_test', '2014-11-28 07:48:35', 1),
('T0011411003017', 'T', '001', '003', NULL, NULL, 'yin_test', '2014-11-28 07:51:11', 1),
('I0011411016001', 'I', '001', '016', NULL, NULL, 'yin_test', '2014-11-28 07:53:03', 1),
('S0011412001001', 'S', '001', '001', NULL, NULL, 'yin_test', '2014-12-02 02:48:57', 1),
('T0011412001001', 'T', '001', '001', NULL, NULL, 'yin_test', '2014-12-02 02:49:04', 1),
('T0011412001002', 'T', '001', '001', NULL, NULL, 'yin_test', '2014-12-03 05:03:17', 1),
('S0011412001002', 'S', '001', '001', NULL, NULL, 'yin_test', '2014-12-03 06:33:35', 1),
('S0011412001003', 'S', '001', '001', NULL, NULL, 'yin_test', '2014-12-03 06:34:19', 1),
('S0011412001004', 'S', '001', '001', NULL, NULL, 'yin_test', '2014-12-03 06:41:14', 1),
('S0011412001005', 'S', '001', '001', NULL, NULL, 'yin_test', '2014-12-03 08:13:01', 1),
('S0011412001006', 'S', '001', '001', NULL, NULL, 'yin_test', '2014-12-03 08:13:46', 1),
('S0011412001007', 'S', '001', '001', NULL, NULL, 'yin_test', '2014-12-03 08:16:51', 1),
('S0011412001008', 'S', '001', '001', NULL, NULL, 'yin_test', '2014-12-03 08:18:39', 1),
('S0011412001009', 'S', '001', '001', NULL, NULL, 'yin_test', '2014-12-05 01:07:57', 1),
('S0011412001010', 'S', '001', '001', NULL, NULL, 'yin_test', '2014-12-05 02:03:12', 1),
('S0011412001011', 'S', '001', '001', NULL, NULL, 'yin_test', '2014-12-05 02:15:48', 1),
('S0011412001012', 'S', '001', '001', NULL, NULL, 'yin_test', '2014-12-05 02:16:57', 1),
('S0011412001013', 'S', '001', '001', NULL, NULL, 'yin_test', '2014-12-09 01:04:11', 1),
('I0011412001001', 'I', '001', '001', NULL, NULL, 'yin_test', '2014-12-09 01:04:25', 1),
('S0011412001014', 'S', '001', '001', NULL, NULL, 'yin_test', '2014-12-09 01:18:31', 1),
('S0011412001015', 'S', '001', '001', NULL, NULL, 'yin_test', '2014-12-09 01:46:32', 1),
('S0011412001016', 'S', '001', '001', NULL, NULL, 'yin_test', '2014-12-09 04:22:07', 1),
('S0011412001017', 'S', '001', '001', NULL, NULL, 'yin_test', '2014-12-09 04:33:19', 1),
('S0011412001018', 'S', '001', '001', NULL, NULL, 'yin_test', '2014-12-09 04:56:23', 1),
('S0011412001019', 'S', '001', '001', NULL, NULL, 'yin_test', '2014-12-09 05:55:53', 1),
('S0011412001020', 'S', '001', '001', NULL, NULL, 'yin_test', '2014-12-09 05:56:21', 1),
('S0011412001021', 'S', '001', '001', NULL, NULL, 'yin_test', '2014-12-09 06:06:54', 1),
('S0011412001022', 'S', '001', '001', NULL, NULL, 'yin_test', '2014-12-09 06:19:09', 1),
('S0011412001023', 'S', '001', '001', NULL, NULL, 'yin_test', '2014-12-09 06:41:30', 1),
('S0011412001024', 'S', '001', '001', NULL, NULL, 'yin_test', '2014-12-09 07:26:57', 1),
('S0011412001025', 'S', '001', '001', NULL, NULL, 'yin_test', '2014-12-09 07:45:02', 1),
('S0011412001026', 'S', '001', '001', NULL, NULL, 'yin_test', '2014-12-09 07:53:52', 1),
('S0011412001027', 'S', '001', '001', NULL, NULL, 'yin_test', '2014-12-09 08:05:23', 1),
('S0011412001028', 'S', '001', '001', NULL, NULL, 'yin_test', '2014-12-09 08:10:22', 1),
('S0011412001029', 'S', '001', '001', NULL, NULL, 'yin_test', '2014-12-09 08:11:58', 1),
('S0011412001030', 'S', '001', '001', NULL, NULL, 'yin_test', '2014-12-09 08:59:42', 1),
('T0011412001003', 'T', '001', '001', NULL, NULL, 'yin_test', '2014-12-09 09:01:35', 1),
('S0011412001031', 'S', '001', '001', NULL, NULL, 'yin_test', '2014-12-10 06:38:39', 1),
('S0011412001032', 'S', '001', '001', NULL, NULL, 'yin_test', '2014-12-12 03:00:37', 1),
('T0011412001004', 'T', '001', '001', NULL, NULL, 'yin_test', '2014-12-12 03:04:31', 1),
('T0011412001005', 'T', '001', '001', NULL, NULL, 'yin_test', '2014-12-12 03:05:15', 1),
('S0011412001033', 'S', '001', '001', NULL, NULL, 'yin_test', '2014-12-19 08:24:10', 1),
('S0011412001034', 'S', '001', '001', NULL, NULL, 'yin_test', '2014-12-19 08:30:54', 1),
('S0011412001035', 'S', '001', '001', NULL, NULL, 'yin_test', '2014-12-19 08:36:40', 1),
('S0011412001036', 'S', '001', '001', NULL, NULL, 'yin_test', '2014-12-19 08:38:10', 1),
('S0011502001001', 'S', '001', '001', NULL, NULL, 'yin_test', '2015-02-02 02:13:20', 1),
('S0011502001002', 'S', '001', '001', NULL, NULL, 'yin_test', '2015-02-10 05:56:20', 1),
('I0011502001001', 'I', '001', '001', NULL, NULL, 'yin_test', '2015-02-16 06:21:05', 1),
('I0011502001002', 'I', '001', '001', NULL, NULL, 'yin_test', '2015-02-16 06:40:50', 1),
('I0011502001003', 'I', '001', '001', NULL, NULL, 'yin_test', '2015-02-16 06:41:03', 1),
('I0011502001004', 'I', '001', '001', NULL, NULL, 'yin_test', '2015-02-17 01:18:48', 1),
('I0011502001005', 'I', '001', '001', NULL, NULL, 'yin_test', '2015-02-17 01:41:00', 1),
('I0011502001006', 'I', '001', '001', NULL, NULL, 'yin_test', '2015-02-17 01:49:11', 1),
('I0011502001007', 'I', '001', '001', NULL, NULL, 'yin_test', '2015-02-17 02:17:06', 1),
('I0011502001008', 'I', '001', '001', NULL, NULL, 'yin_test', '2015-02-17 06:10:41', 1),
('I0011502001009', 'I', '001', '001', NULL, NULL, 'yin_test', '2015-02-17 07:46:35', 1),
('I0011502001010', 'I', '001', '001', NULL, NULL, 'yin_test', '2015-02-17 08:39:00', 1),
('I0011502001011', 'I', '001', '001', NULL, NULL, 'yin_test', '2015-02-20 04:44:39', 1),
('I0011502001012', 'I', '001', '001', NULL, NULL, 'yin_test', '2015-02-20 04:45:37', 1),
('I0011502001013', 'I', '001', '001', NULL, NULL, 'yin_test', '2015-02-20 04:48:08', 1),
('I0011502001014', 'I', '001', '001', NULL, NULL, 'yin_test', '2015-02-20 05:11:02', 1),
('S0011502001003', 'S', '001', '001', NULL, NULL, 'yin_test', '2015-02-20 05:12:38', 1),
('S0011502001004', 'S', '001', '001', NULL, NULL, 'yin_test', '2015-02-20 05:18:40', 1),
('I0011502001015', 'I', '001', '001', NULL, NULL, 'yin_test', '2015-02-20 05:20:35', 1),
('S0011502001005', 'S', '001', '001', NULL, NULL, 'yin_test', '2015-02-20 06:52:06', 1),
('I0011503001001', 'I', '001', '001', NULL, NULL, 'yin_test', '2015-03-09 01:23:36', 1),
('I0011503001002', 'I', '001', '001', NULL, NULL, 'yin_test', '2015-03-09 02:29:00', 1),
('I0011503001003', 'I', '001', '001', NULL, NULL, 'yin_test', '2015-03-09 02:31:53', 1),
('I0011503001004', 'I', '001', '001', NULL, NULL, 'yin_test', '2015-03-09 07:08:18', 1),
('I0011503001005', 'I', '001', '001', NULL, NULL, 'yin_test', '2015-03-09 07:14:33', 1),
('I0011503001006', 'I', '001', '001', NULL, NULL, 'yin_test', '2015-03-09 08:12:47', 1),
('I0011503001007', 'I', '001', '001', NULL, NULL, 'yin_test', '2015-03-13 01:06:15', 1),
('I0011503001008', 'I', '001', '001', NULL, NULL, 'yin_test', '2015-03-13 01:11:07', 1),
('I0011503001009', 'I', '001', '001', NULL, NULL, 'yin_test', '2015-03-13 03:17:05', 1),
('I0011503001010', 'I', '001', '001', NULL, NULL, 'yin_test', '2015-03-13 08:43:37', 1),
('I0011503001011', 'I', '001', '001', NULL, NULL, 'yin_test', '2015-03-16 02:23:09', 1),
('I0011503001012', 'I', '001', '001', NULL, NULL, 'yin_test', '2015-03-16 03:23:51', 1),
('I0011503001013', 'I', '001', '001', NULL, NULL, 'yin_test', '2015-03-16 03:24:55', 1),
('I0011503001014', 'I', '001', '001', NULL, NULL, 'yin_test', '2015-03-16 04:31:03', 1),
('I0011503001015', 'I', '001', '001', NULL, NULL, 'yin_test', '2015-03-16 04:33:28', 1),
('I0011503001016', 'I', '001', '001', NULL, NULL, 'yin_test', '2015-03-16 04:38:49', 1),
('I0011503001017', 'I', '001', '001', NULL, NULL, 'yin_test', '2015-03-16 04:53:17', 1),
('I0011503001018', 'I', '001', '001', NULL, NULL, 'yin_test', '2015-03-16 04:57:48', 1),
('I0011503001019', 'I', '001', '001', NULL, NULL, 'yin_test', '2015-03-17 05:46:20', 1),
('I0011503001020', 'I', '001', '001', NULL, NULL, 'yin_test', '2015-03-17 08:49:29', 1),
('I0011503001021', 'I', '001', '001', NULL, NULL, 'yin_test', '2015-03-17 08:56:09', 1),
('I0011503001022', 'I', '001', '001', NULL, NULL, 'yin_test', '2015-03-17 09:04:51', 1),
('I0011503001023', 'I', '001', '001', NULL, NULL, 'yin_test', '2015-03-20 01:17:06', 1),
('I0011503001024', 'I', '001', '001', NULL, NULL, 'yin_test', '2015-03-20 02:05:19', 1),
('I0011503001025', 'I', '001', '001', NULL, NULL, 'yin_test', '2015-03-20 02:09:43', 1),
('I0011503001026', 'I', '001', '001', NULL, NULL, 'yin_test', '2015-03-20 02:12:14', 1),
('I0011503001027', 'I', '001', '001', NULL, NULL, 'yin_test', '2015-03-20 02:14:53', 1),
('I0011503001028', 'I', '001', '001', NULL, NULL, 'yin_test', '2015-03-20 02:20:37', 1),
('I0011503001029', 'I', '001', '001', NULL, NULL, 'yin_test', '2015-03-20 02:37:10', 1),
('I0011503001030', 'I', '001', '001', NULL, NULL, 'yin_test', '2015-03-20 02:44:58', 1),
('I0011503001031', 'I', '001', '001', NULL, NULL, 'yin_test', '2015-03-20 02:48:17', 1),
('I0011503001032', 'I', '001', '001', NULL, NULL, 'yin_test', '2015-03-20 02:49:38', 1),
('I0011503001033', 'I', '001', '001', NULL, NULL, 'yin_test', '2015-03-20 05:03:26', 1),
('I0011503001034', 'I', '001', '001', NULL, NULL, 'yin_test', '2015-03-20 05:05:51', 1),
('I0031503003001', 'I', '003', '003', NULL, NULL, 'yin_test', '2015-03-20 08:23:53', 1),
('I0011503001035', 'I', '001', '001', NULL, NULL, 'yin_test', '2015-03-20 09:01:31', 1),
('I0011503001036', 'I', '001', '001', NULL, NULL, 'yin_test', '2015-03-24 02:01:28', 1),
('I0011503001037', 'I', '001', '001', NULL, NULL, 'yin_test', '2015-03-24 07:10:37', 1),
('I0011503001038', 'I', '001', '001', NULL, NULL, 'yin_test', '2015-03-24 07:33:36', 1),
('I0011503001039', 'I', '001', '001', NULL, NULL, 'yin_test', '2015-03-30 02:57:44', 1),
('I0011503001040', 'I', '001', '001', NULL, NULL, 'yin_test', '2015-03-31 01:12:34', 1),
('I0011503001041', 'I', '001', '001', NULL, NULL, 'yin_test', '2015-03-31 01:16:56', 1),
('I0011503001042', 'I', '001', '001', NULL, NULL, 'yin_test', '2015-03-31 01:41:31', 1),
('I0011503001043', 'I', '001', '001', NULL, NULL, 'yin_test', '2015-03-31 01:49:07', 1);

-- --------------------------------------------------------

--
-- テーブルの構造 `merberlist`
--

CREATE TABLE IF NOT EXISTS `merberlist` (
`nember` int(4) NOT NULL,
  `request_No` int(10) NOT NULL,
  `project_No` varchar(10) CHARACTER SET sjis NOT NULL,
  `merber_name` varchar(15) CHARACTER SET sjis NOT NULL COMMENT '氏名',
  `department` varchar(20) CHARACTER SET sjis NOT NULL COMMENT '所属',
  `position` varchar(20) CHARACTER SET sjis NOT NULL COMMENT '肩書き',
  `client` varchar(20) CHARACTER SET sjis NOT NULL COMMENT '取引先',
  `leader` varchar(20) CHARACTER SET sjis NOT NULL COMMENT 'リーダ',
  `responsible_officer` varchar(20) CHARACTER SET sjis NOT NULL COMMENT '取引先担当者',
  `pedriod_time` varchar(20) CHARACTER SET sjis NOT NULL COMMENT '契約期間',
  `EMAIL` varchar(50) CHARACTER SET sjis NOT NULL COMMENT '担当者MA',
  `department_relations` varchar(20) CHARACTER SET sjis NOT NULL COMMENT '所属（請求関係）',
  `department_company_officer` varchar(20) CHARACTER SET sjis NOT NULL COMMENT '所属会社担当者',
  `officer_MA` varchar(50) CHARACTER SET sjis NOT NULL COMMENT '担当者ＭA',
  `money` float NOT NULL,
  `work_overtime` varchar(10) CHARACTER SET sjis NOT NULL COMMENT '残業下限/上限',
  `overtime_pay` float NOT NULL,
  `deduct` float NOT NULL,
  `payment` float NOT NULL,
  `other` varchar(100) CHARACTER SET sjis NOT NULL COMMENT '備考'
) ENGINE=InnoDB AUTO_INCREMENT=7 DEFAULT CHARSET=latin1;

--
-- テーブルのデータのダンプ `merberlist`
--

INSERT INTO `merberlist` (`nember`, `request_No`, `project_No`, `merber_name`, `department`, `position`, `client`, `leader`, `responsible_officer`, `pedriod_time`, `EMAIL`, `department_relations`, `department_company_officer`, `officer_MA`, `money`, `work_overtime`, `overtime_pay`, `deduct`, `payment`, `other`) VALUES
(2, 1233, 'sass-233', 'jam', 'sss', 'ssss', 'ssss', 'fff', 'ff', 'ss', 'sss@ddhdhd.com', 'dd', 'ggggggg', 'ff@ssss.vomj', 0, 'fff', 0, 0, 0, 'otherotherotherotherotherotherotherotherotherotherotherotherotherother'),
(6, 0, 'r', 'rr', 'rrrrrrrrrrr', 'rrrrrrrrrrrrrrrrrrrr', 'rrrrrrrrrrrrrrr', 'rrrrrrrrrrrrrrrr', 'rrrrrrrrrrrr', 'rrrrrrrrrr', 'rrrrrrrrrrrrrrrr', 'rrrrrrrrrrrrrr', 'rrrrrrrrr', 'rrrrrrrrrrrr', 0, '0', 0, 0, 0, 'rr');

-- --------------------------------------------------------

--
-- テーブルの構造 `mitumo`
--

CREATE TABLE IF NOT EXISTS `mitumo` (
  `saibanRes` varchar(255) CHARACTER SET sjis NOT NULL,
  `workName` varchar(255) CHARACTER SET sjis NOT NULL,
  `workContents` varchar(255) CHARACTER SET sjis NOT NULL,
  `periodStart` date NOT NULL,
  `periodEnd` date NOT NULL,
  `payCondition` varchar(255) CHARACTER SET sjis NOT NULL,
  `workPlace` varchar(255) CHARACTER SET sjis NOT NULL,
  `yukokikan` varchar(255) CHARACTER SET sjis NOT NULL,
  `goods` varchar(255) CHARACTER SET sjis NOT NULL,
  `station` varchar(255) CHARACTER SET sjis NOT NULL,
  `explanation` varchar(255) CHARACTER SET sjis NOT NULL,
  `buildDate` date NOT NULL,
  `updatetime` timestamp NOT NULL DEFAULT '0000-00-00 00:00:00' ON UPDATE CURRENT_TIMESTAMP
) ENGINE=InnoDB DEFAULT CHARSET=latin1;

--
-- テーブルのデータのダンプ `mitumo`
--

INSERT INTO `mitumo` (`saibanRes`, `workName`, `workContents`, `periodStart`, `periodEnd`, `payCondition`, `workPlace`, `yukokikan`, `goods`, `station`, `explanation`, `buildDate`, `updatetime`) VALUES
('S0011412001009', 'ビックデータ活用プラットフォーム業務', 'ビックデータ活用プラットフォーム業務支援', '2014-12-05', '2014-12-14', '月末締、翌々月15日（銀行休日の場合は翌日営業日）迄現金振込', '御社指定場所', '発行日より1ヶ月以内', '作業報告書', '御社指定場所', '                      ', '2014-12-05', '0000-00-00 00:00:00'),
('S0011412001010', 'sadf', 'sdfsdaf', '2014-12-05', '2014-12-22', '月末締、翌々月15日（銀行休日の場合は翌日営業日）迄現金振込', '御社指定場所', '発行日より1ヶ月以内', '作業報告書', '御社指定場所', '                      ', '2014-12-05', '0000-00-00 00:00:00'),
('S0011412001012', 'sadfdad', 'sdafsa', '2014-12-29', '2015-01-08', '月末締、翌々月15日（銀行休日の場合は翌日営業日）迄現金振込', '御社指定場所', '発行日より1ヶ月以内', '作業報告書', '御社指定場所', '                      ', '2014-12-05', '0000-00-00 00:00:00'),
('S0011412001015', 'dhdrtge', 'resgesr', '2014-12-25', '2015-01-03', '月末締、翌々月15日（銀行休日の場合は翌日営業日）迄現金振込', '御社指定場所', '発行日より1ヶ月以内', '作業報告書', '御社指定場所', '                      ', '2014-12-09', '0000-00-00 00:00:00'),
('S0011412001016', 'skdjlaf', 'asdfljew', '2014-12-15', '2014-12-21', '月末締、翌々月15日（銀行休日の場合は翌日営業日）迄現金振込', '御社指定場所', '発行日より1ヶ月以内', '作業報告書', '御社指定場所', '                                          ', '2014-12-09', '0000-00-00 00:00:00'),
('S0011412001017', 'dgfsdg', 'dfsgd', '2014-12-16', '2015-01-02', '月末締、翌々月15日（銀行休日の場合は翌日営業日）迄現金振込', '御社指定場所', '発行日より1ヶ月以内', '作業報告書', '御社指定場所', '                      ', '2014-12-09', '0000-00-00 00:00:00'),
('S0011412001018', 'ｓだｆｓｄｆ', 'sdafdf', '2014-12-23', '2015-01-06', '月末締、翌々月15日（銀行休日の場合は翌日営業日）迄現金振込', '御社指定場所', '発行日より1ヶ月以内', '作業報告書', '御社指定場所', '                      ', '2014-12-09', '0000-00-00 00:00:00'),
('S0011412001020', 'dsafadsf', 'sdfasd', '2014-12-29', '2015-01-07', '月末締、翌々月15日（銀行休日の場合は翌日営業日）迄現金振込', '御社指定場所', '発行日より1ヶ月以内', '作業報告書', '御社指定場所', '                      ', '2014-12-09', '0000-00-00 00:00:00'),
('S0011412001021', 'adsfasd', 'asdfaewfw', '2014-12-22', '2015-01-05', '月末締、翌々月15日（銀行休日の場合は翌日営業日）迄現金振込', '御社指定場所', '発行日より1ヶ月以内', '作業報告書', '御社指定場所', '                      ', '2014-12-09', '0000-00-00 00:00:00'),
('S0011412001022', 'feqfqew', 'ewfqer', '2014-12-22', '2015-01-06', '月末締、翌々月15日（銀行休日の場合は翌日営業日）迄現金振込', '御社指定場所', '発行日より1ヶ月以内', '作業報告書', '御社指定場所', '                      ', '2014-12-09', '0000-00-00 00:00:00'),
('S0011412001023', 'sadfdsf', 'asdfsdafe', '2014-12-24', '2015-01-07', '月末締、翌々月15日（銀行休日の場合は翌日営業日）迄現金振込', '御社指定場所', '発行日より1ヶ月以内', '作業報告書', '御社指定場所', '                      ', '2014-12-09', '0000-00-00 00:00:00'),
('S0011412001024', 'ｆｄｓｇｄｆｇｆ', 'さｄｆｄさｆ', '2014-12-21', '2015-01-01', '月末締、翌々月15日（銀行休日の場合は翌日営業日）迄現金振込', '御社指定場所', '発行日より1ヶ月以内', '作業報告書', '御社指定場所', '                      ', '2014-12-09', '0000-00-00 00:00:00'),
('S0011412001025', 'sdafsdf', 'eawfawefaaf', '2014-12-21', '2015-01-06', '月末締、翌々月15日（銀行休日の場合は翌日営業日）迄現金振込', '御社指定場所', '発行日より1ヶ月以内', '作業報告書', '御社指定場所', '                      ', '2014-12-09', '0000-00-00 00:00:00'),
('S0011412001026', 'dfasdf', 'dasfsdf', '2014-12-22', '2015-01-07', '月末締、翌々月15日（銀行休日の場合は翌日営業日）迄現金振込', '御社指定場所', '発行日より1ヶ月以内', '作業報告書', '御社指定場所', '                      ', '2014-12-09', '0000-00-00 00:00:00'),
('S0011412001026', 'dfasdf', 'dasfsdf', '2014-12-22', '2015-01-07', '月末締、翌々月15日（銀行休日の場合は翌日営業日）迄現金振込', '御社指定場所', '発行日より1ヶ月以内', '作業報告書', '御社指定場所', '                      ', '2014-12-09', '0000-00-00 00:00:00'),
('S0011412001027', 'sdfafdf', 'dsafasdf', '2014-12-22', '2014-12-29', '月末締、翌々月15日（銀行休日の場合は翌日営業日）迄現金振込', '御社指定場所', '発行日より1ヶ月以内', '作業報告書', '御社指定場所', '                      ', '2014-12-09', '0000-00-00 00:00:00'),
('S0011412001028', '1233', '244', '2014-12-29', '2014-12-31', '月末締、翌々月15日（銀行休日の場合は翌日営業日）迄現金振込', '御社指定場所', '発行日より1ヶ月以内', '作業報告書', '御社指定場所', '                      ', '2014-12-09', '0000-00-00 00:00:00'),
('S0011412001029', '1123', '3445', '2014-12-28', '2015-01-05', '月末締、翌々月15日（銀行休日の場合は翌日営業日）迄現金振込', '御社指定場所', '発行日より1ヶ月以内', '作業報告書', '御社指定場所', '                      kfjdlkwjclejrw;vl\r\nrkkwlk3jfkljlrekj', '2014-12-09', '0000-00-00 00:00:00'),
('S0011412001030', 'wefeqrwq', 'ewqfrwq', '2014-12-21', '2014-12-28', '月末締、翌々月15日（銀行休日の場合は翌日営業日）迄現金振込', '御社指定場所', '発行日より1ヶ月以内', '作業報告書', '御社指定場所', '                      t545e5tgt54g45', '2014-12-09', '0000-00-00 00:00:00'),
('S0011412001031', 'dsafsadf', 'dsafasdf', '2014-12-29', '2015-01-08', '月末締、翌々月15日（銀行休日の場合は翌日営業日）迄現金振込', '御社指定場所', '発行日より1ヶ月以内', '作業報告書', '御社指定場所', '                      ', '2014-12-10', '0000-00-00 00:00:00'),
('S0011412001032', 'sdfseadf', 'dsfsadf', '2014-12-08', '2015-01-06', '月末締、翌々月15日（銀行休日の場合は翌日営業日）迄現金振込', '御社指定場所', '発行日より1ヶ月以内', '作業報告書', '御社指定場所', '                      dsafsdafdsafdsafasdf', '2014-12-12', '0000-00-00 00:00:00'),
('S0011412001033', 'sdafasd', 'adsfasd', '2014-12-22', '2015-01-01', '月末締、翌々月15日（銀行休日の場合は翌日営業日）迄現金振込', '御社指定場所', '発行日より1ヶ月以内', '作業報告書', '御社指定場所', '                      ', '2014-12-19', '0000-00-00 00:00:00'),
('S0011412001034', 'dsafafas', 'sdfasdaf', '2014-12-29', '2015-01-03', '月末締、翌々月15日（銀行休日の場合は翌日営業日）迄現金振込', '御社指定場所', '発行日より1ヶ月以内', '作業報告書', '御社指定場所', '                      ', '2014-12-19', '0000-00-00 00:00:00'),
('S0011412001036', 'dsafdsafds', 'sdaffsad', '2014-12-29', '2015-01-03', '月末締、翌々月15日（銀行休日の場合は翌日営業日）迄現金振込', '御社指定場所', '発行日より1ヶ月以内', '作業報告書', '御社指定場所', '                      ', '2014-12-19', '0000-00-00 00:00:00'),
('S0011502001001', 'asdfscffsd', 'dsfcdsd', '2015-02-17', '2015-02-25', '月末締、翌々月15日（銀行休日の場合は翌日営業日）迄現金振込', '御社指定場所', '発行日より1ヶ月以内', '作業報告書', '御社指定場所', '                      ', '2015-02-02', '0000-00-00 00:00:00'),
('S0011502001002', 'hihk', 'bjbkjmhgbk', '2015-02-08', '2015-02-19', '月末締、翌々月15日（銀行休日の場合は翌日営業日）迄現金振込', '御社指定場所', '発行日より1ヶ月以内', '作業報告書', '御社指定場所', '                      ', '2015-02-10', '0000-00-00 00:00:00');

-- --------------------------------------------------------

--
-- テーブルの構造 `order`
--

CREATE TABLE IF NOT EXISTS `order` (
  `saibanRes` varchar(255) CHARACTER SET sjis NOT NULL,
  `workName` varchar(255) CHARACTER SET sjis NOT NULL,
  `workContents` varchar(255) CHARACTER SET sjis NOT NULL,
  `periodStart` date NOT NULL,
  `periodEnd` date NOT NULL,
  `payCondition` varchar(255) CHARACTER SET sjis NOT NULL,
  `workPlace` varchar(255) CHARACTER SET sjis NOT NULL,
  `workCharge` varchar(255) CHARACTER SET sjis NOT NULL,
  `explanation` text CHARACTER SET sjis NOT NULL,
  `user` varchar(255) CHARACTER SET sjis NOT NULL,
  `buildDate` date NOT NULL,
  `updatetime` timestamp NOT NULL DEFAULT CURRENT_TIMESTAMP ON UPDATE CURRENT_TIMESTAMP
) ENGINE=InnoDB DEFAULT CHARSET=utf8 COLLATE=utf8_unicode_ci;

--
-- テーブルのデータのダンプ `order`
--

INSERT INTO `order` (`saibanRes`, `workName`, `workContents`, `periodStart`, `periodEnd`, `payCondition`, `workPlace`, `workCharge`, `explanation`, `user`, `buildDate`, `updatetime`) VALUES
('I0011503001029', 'qqqqq', 'wwwwwwwwww', '2015-03-09', '2015-03-31', '月末締、翌々月15日（銀行休日の場合は翌日営業日）迄現金振込', 'eeeeee', 'rrrrrrr', '                             sdfsfd', '', '2015-03-20', '2015-03-20 02:37:45'),
('I0011503001030', 'ewfefr', 'efwaefwa', '2015-03-23', '2015-03-27', '月末締、翌々月15日（銀行休日の場合は翌日営業日）迄現金振込', 'aefwae', 'efwawef', '                             dfeefwa', '', '2015-03-20', '2015-03-20 02:45:31'),
('I0011503001030', 'ewfefr', 'efwaefwa', '2015-03-23', '2015-03-27', '月末締、翌々月15日（銀行休日の場合は翌日営業日）迄現金振込', 'aefwae', 'efwawef', '                             dfeefwa', '', '2015-03-20', '2015-03-20 02:45:42'),
('I0011503001031', 'dsfsd', 'dsfasd', '2015-03-24', '2015-03-26', '月末締、翌々月15日（銀行休日の場合は翌日営業日）迄現金振込', '', '', '                             ', '', '2015-03-20', '2015-03-20 02:48:37'),
('I0011503001032', 'ewfwef', 'efafw', '2015-03-18', '2015-03-21', '月末締、翌々月15日（銀行休日の場合は翌日営業日）迄現金振込', 'aewfw', 'aewfwea', '                             ', '', '2015-03-20', '2015-03-20 02:50:10'),
('I0011503001034', 'aaaaaaaaa', 'sssssssssss', '2015-03-16', '2015-03-25', '月末締、翌々月15日（銀行休日の場合は翌日営業日）迄現金振込', 'dddddddddddd', 'ffffffffff', '                             dsafaef', 'admin', '2015-03-20', '2015-03-20 05:06:23'),
('I0011503001036', 'wqqe', 'wqsaas', '2015-03-22', '2015-03-30', '月末締、翌々月15日（銀行休日の場合は翌日営業日）迄現金振込', 'qws', 'wqqqees', '                             ', '', '2015-03-24', '2015-03-24 02:04:25'),
('I0011503001037', 'wefwfeerf', 'efsaewfewqf', '2015-03-16', '2015-03-23', '月末締、翌々月15日（銀行休日の場合は翌日営業日）迄現金振込', 'efwaewq', 'fweaawe', '                             ersfwf', '', '2015-03-24', '2015-03-24 07:11:33'),
('I0011503001041', 'sddsf', 'asfdsa', '2015-03-02', '2015-03-16', '月末締、翌々月15日（銀行休日の場合は翌日営業日）迄現金振込', 'adsfsa', 'adfs', '                             ', 'yuanzheng.liu', '2015-03-25', '2015-03-31 01:18:04'),
('I0011503001043', '11111111', '2222222222', '2015-03-15', '2015-04-06', '月末締、翌々月15日（銀行休日の場合は翌日営業日）迄現金振込', '22222', '55555', '                             ', 'admin', '2014-02-25', '2015-03-31 01:49:56');

-- --------------------------------------------------------

--
-- テーブルの構造 `setsys`
--

CREATE TABLE IF NOT EXISTS `setsys` (
  `code` int(2) NOT NULL,
  `name` varchar(30) CHARACTER SET sjis NOT NULL,
  `postcode` varchar(10) CHARACTER SET sjis NOT NULL,
  `address` varchar(30) CHARACTER SET sjis NOT NULL,
  `tel` varchar(15) CHARACTER SET sjis NOT NULL,
  `fax` varchar(15) CHARACTER SET sjis NOT NULL
) ENGINE=InnoDB DEFAULT CHARSET=latin1;

--
-- テーブルのデータのダンプ `setsys`
--

INSERT INTO `setsys` (`code`, `name`, `postcode`, `address`, `tel`, `fax`) VALUES
(1, '株式会社シンメトリクス(Symmetrix)', '〒103-0023', '東京都中央区日本橋本町4-4-11 永井ビル7F', '03-6225-2882', '03-6225-2062');

-- --------------------------------------------------------

--
-- テーブルの構造 `thquery`
--

CREATE TABLE IF NOT EXISTS `thquery` (
  `id` int(10) NOT NULL,
  `name` varchar(100) CHARACTER SET sjis NOT NULL,
  `moo1` int(10) NOT NULL,
  `moo2` int(10) NOT NULL,
  `moo3` int(10) NOT NULL,
  `moo4` int(10) NOT NULL,
  `moo5` int(10) NOT NULL,
  `moo6` int(10) NOT NULL,
  `moo7` int(10) NOT NULL,
  `moo8` int(10) NOT NULL,
  `moo9` int(10) NOT NULL,
  `moo10` int(10) NOT NULL,
  `moo11` int(10) NOT NULL,
  `moo12` int(10) NOT NULL
) ENGINE=InnoDB DEFAULT CHARSET=latin1;

--
-- テーブルのデータのダンプ `thquery`
--

INSERT INTO `thquery` (`id`, `name`, `moo1`, `moo2`, `moo3`, `moo4`, `moo5`, `moo6`, `moo7`, `moo8`, `moo9`, `moo10`, `moo11`, `moo12`) VALUES
(1, '日鉄日立システムエンジニアリング株式会社', 0, 0, 0, 0, 0, 0, 0, 0, 0, 0, 0, 0),
(2, '日鉄日立システムエンジニアリング株式会社', 0, 0, 0, 0, 0, 0, 0, 0, 0, 0, 0, 0),
(3, '日鉄日立システムエンジニアリング株式会社', 0, 0, 0, 0, 0, 0, 0, 0, 0, 0, 0, 0),
(4, '日鉄日立システムエンジニアリング株式会社', 0, 0, 0, 0, 0, 0, 0, 0, 0, 0, 0, 0),
(5, '日鉄日立システムエンジニアリング株式会社', 0, 0, 0, 0, 0, 0, 0, 0, 0, 0, 0, 0),
(6, '日鉄日立システムエンジニアリング株式会社', 0, 0, 0, 0, 0, 0, 0, 0, 0, 0, 0, 0),
(7, '日鉄日立システムエンジニアリング株式会社', 0, 0, 0, 0, 0, 0, 0, 0, 0, 0, 0, 0),
(8, '日鉄日立システムエンジニアリング株式会社', 0, 0, 0, 0, 0, 0, 0, 0, 0, 0, 0, 0),
(9, '日鉄日立システムエンジニアリング株式会社', 0, 0, 0, 0, 0, 0, 0, 0, 0, 0, 0, 0),
(10, '日鉄日立システムエンジニアリング株式会社', 0, 0, 0, 0, 0, 0, 0, 0, 0, 0, 0, 0);

-- --------------------------------------------------------

--
-- テーブルの構造 `thsys`
--

CREATE TABLE IF NOT EXISTS `thsys` (
  `code` int(5) NOT NULL,
  `shz` varchar(5) CHARACTER SET sjis NOT NULL
) ENGINE=InnoDB DEFAULT CHARSET=latin1;

--
-- テーブルのデータのダンプ `thsys`
--

INSERT INTO `thsys` (`code`, `shz`) VALUES
(1, '0.08');

-- --------------------------------------------------------

--
-- テーブルの構造 `user_master`
--

CREATE TABLE IF NOT EXISTS `user_master` (
  `code` int(10) NOT NULL,
  `user_id` varchar(20) COLLATE utf8_unicode_ci NOT NULL,
  `user_name` varchar(50) COLLATE utf8_unicode_ci DEFAULT NULL,
  `password` varchar(20) COLLATE utf8_unicode_ci DEFAULT NULL,
  `saiban` varchar(2) CHARACTER SET sjis NOT NULL,
  `deparment` varchar(2) CHARACTER SET sjis NOT NULL,
  `customer` varchar(2) CHARACTER SET sjis NOT NULL,
  `doctype` varchar(2) CHARACTER SET sjis NOT NULL,
  `usermaster` varchar(2) CHARACTER SET sjis NOT NULL,
  `system` varchar(2) CHARACTER SET sjis NOT NULL
) ENGINE=InnoDB DEFAULT CHARSET=utf8 COLLATE=utf8_unicode_ci;

--
-- テーブルのデータのダンプ `user_master`
--

INSERT INTO `user_master` (`code`, `user_id`, `user_name`, `password`, `saiban`, `deparment`, `customer`, `doctype`, `usermaster`, `system`) VALUES
(1, 'admin', '管理者', 'admin', 'T', 'T', 'T', 'T', 'T', 'T'),
(3, 'eryu', NULL, '1986', 'F', 'T', 'F', 'T', 'F', 'T'),
(2, 'test', 'テスト', 'test', 'T', 'F', 'T', 'F', 'F', 'T'),
(4, 'yuanzheng.liu', NULL, 'Lyz5258270', 'T', 'T', 'T', 'T', 'T', 'T');

-- --------------------------------------------------------

--
-- テーブルの構造 `work`
--

CREATE TABLE IF NOT EXISTS `work` (
  `id` int(10) NOT NULL,
  `saibanRes` varchar(255) CHARACTER SET sjis NOT NULL,
  `workContents` varchar(255) CHARACTER SET sjis NOT NULL,
  `number` int(10) NOT NULL,
  `unitPrice` int(20) NOT NULL,
  `price` int(20) NOT NULL,
  `addPrice` varchar(100) CHARACTER SET sjis NOT NULL,
  `addtime` int(10) NOT NULL,
  `time` int(10) NOT NULL,
  `subtracttime` int(10) NOT NULL,
  `trance` int(20) NOT NULL,
  `addunitprice` int(10) NOT NULL,
  `subtractunitprice` int(10) NOT NULL,
  `updatetime` timestamp NOT NULL DEFAULT CURRENT_TIMESTAMP ON UPDATE CURRENT_TIMESTAMP
) ENGINE=InnoDB DEFAULT CHARSET=utf8 COLLATE=utf8_unicode_ci;

--
-- テーブルのデータのダンプ `work`
--

INSERT INTO `work` (`id`, `saibanRes`, `workContents`, `number`, `unitPrice`, `price`, `addPrice`, `addtime`, `time`, `subtracttime`, `trance`, `addunitprice`, `subtractunitprice`, `updatetime`) VALUES
(1, 'I0011411001015', 'fwerewfesd', 3, 9000, 27000, '-3000', 300, 200, 100, 22222, 0, 0, '2014-11-12 05:49:10'),
(1, 'I0011411001016', 'ewfwf', 4000, 2000, 8000000, '-400', 250, 200, 100, 4000, 0, 0, '2014-11-12 05:53:22'),
(1, 'I0011411001016', 'ewfwf', 4000, 2000, 8000000, '-400', 250, 200, 100, 4000, 0, 0, '2014-11-12 05:55:33'),
(1, 'I0011411001018', 'test002', 2, 9000, 18000, '9000', 100, 200, 50, 10000, 0, 0, '2014-11-12 06:23:17'),
(2, 'I0011411001018', 'test003', 2, 8000, 16000, '-6400', 500, 100, 300, 200000, 0, 0, '2014-11-12 06:23:17'),
(1, 'I0011411001021', 'dsafasd', 1, 7000, 7000, '-5833.3333333333', 300, 50, 100, 50000, 0, 0, '2014-11-12 06:33:56'),
(1, 'I0011411001022', 'sdafseafe', 1, 1000, 1000, '', 300, 200, 100, 10000, 0, 0, '2014-11-12 07:17:45'),
(2, 'I0011411001022', 'djfksajaewef', 1, 1000, 1000, '333.33333333333', 300, 400, 100, 10000, 0, 0, '2014-11-12 07:17:45'),
(3, 'I0011411001022', 'ewefsdaff', 1, 1000, 1000, '-200', 300, 80, 100, 10000, 0, 0, '2014-11-12 07:17:45'),
(1, 'I0011411001025', '値の変更可', 2, 10000, 20000, '', 8, 3, 5, 1233, 0, 0, '2014-11-18 03:12:51'),
(2, 'I0011411001025', 'qweq', 3, 2000, 6000, '', 150, 200, 100, 3444, 0, 0, '2014-11-18 03:12:51'),
(3, 'I0011411001025', 'dsafd', 2, 3000, 6000, '', 150, 100, 90, 5666, 0, 0, '2014-11-18 03:12:51'),
(1, 'I0011411003001', 'wefwe', 12, 2000, 24000, '-650', 200, 100, 150, 342, 0, 13, '2014-11-18 06:28:18'),
(2, 'I0011411003001', 'efwaf', 3, 1000, 3000, '350', 150, 200, 100, 2342, 7, 0, '2014-11-18 06:28:18'),
(1, 'I0011411011001', 'sdafdew', 12, 900, 10800, '', 300, 200, 100, 9000, 0, 0, '2014-11-18 07:41:30'),
(1, 'S0011411001009', 'huhuhuh', 1, 1234, 1234, '-1206', 34, 12, 30, 345, 0, 67, '2014-11-19 01:33:02'),
(1, 'S0011411001010', 'adsfasf', 12, 1000, 12000, '-500', 300, 100, 200, 100000, 0, 5, '2014-11-19 03:16:07'),
(1, 'S0011411001011', 'efsfwef', 2, 1000, 2000, '350', 150, 200, 50, 2000, 7, 0, '2014-11-19 03:17:32'),
(1, 'S0011411001012', 'nununu', 4, 100000, 400000, '-20000', 700, 400, 500, 70000, 0, 200, '2014-11-19 03:26:27'),
(1, 'S0011411001013', 'ewfrrfw', 1, 22, 22, '', 44, 33, 30, 123, 0, 0, '2014-11-20 03:01:51'),
(1, 'S0011411001014', 'adsfsdfadsf', 2, 10000, 20000, '10000', 100, 200, 50, 9000, 100, 0, '2014-11-20 07:07:44'),
(1, 'I0011411001026', 'テスト開始', 1, 1000, 1000, '-325', 100, 50, 75, 700, 0, 13, '2014-11-25 01:02:53'),
(1, 'I0011411001027', '請求書のテスト1', 1, 1450, 1450, '108', 236, 254, 76, 4665, 6, 0, '2014-11-25 03:29:11'),
(2, 'I0011411001027', '請求書のテスト2', 2, 7865, 15730, '-1155', 145, 64, 75, 1135, 0, 105, '2014-11-25 03:29:11'),
(3, 'I0011411001027', '請求書のテスト3', 3, 2231, 6693, '', 264, 198, 106, 2993, 0, 0, '2014-11-25 03:29:11'),
(1, 'I0011411001028', '請求書テスト（１）', 2, 13872, 27744, '1134', 257, 278, 178, 87698, 54, 0, '2014-11-25 08:43:32'),
(2, 'I0011411001028', '請求書テスト（２）', 3, 28769, 86307, '', 200, 165, 125, 34256, 0, 0, '2014-11-25 08:43:32'),
(3, 'I0011411001028', '請求書テスト（３）', 4, 37658, 150632, '-15436', 197, 98, 166, 14354, 0, 227, '2014-11-25 08:43:32'),
(1, 'I0011411003002', 'testtest', 2, 198700, 397400, '10', 190, 200, 100, 0, 1, 0, '2014-11-26 02:00:19'),
(1, 'T0011411003012', 'eafwwe', 10, 546000, 5460000, '-500', 200, 0, 100, 0, 0, 5, '2014-11-26 05:26:19'),
(1, 'T0011411003013', 'lkfadhoni', 2, 578490, 1156980, '-500', 300, 0, 100, 0, 0, 5, '2014-11-26 06:40:11'),
(1, 'T0011411003014', 'eaaflwlefwafew', 2, 198700, 397400, '-100', 200, 0, 100, 0, 990, 1, '2014-11-26 06:56:18'),
(1, 'T0011411003014', 'eaaflwlefwafew', 2, 198700, 397400, '-100', 200, 0, 100, 0, 990, 1, '2014-11-26 06:56:44'),
(1, 'T0011411003014', 'eaaflwlefwafew', 2, 198700, 397400, '-100', 200, 0, 100, 0, 990, 1, '2014-11-26 07:06:19'),
(1, 'T0011411003015', 'kdsjdfk', 12, 764000, 9168000, '-700', 300, 0, 100, 0, 2, 7, '2014-11-26 07:07:51'),
(1, 'T0011411003015', 'kdsjdfk', 12, 764000, 9168000, '-700', 300, 0, 100, 0, 2, 7, '2014-11-26 07:08:26'),
(1, 'T0011411003016', '1111111111111111111111', 2, 650000, 1300000, '-600', 500, 0, 300, 0, 1, 2, '2014-11-26 07:12:06'),
(1, 'T0011411022002', 'faekfhoefoifw', 20, 732000, 14640000, '-600', 250, 0, 150, 0, 2, 4, '2014-11-26 07:23:44'),
(1, 'T0011411022003', 'dsafnjalksfd', 2, 670000, 1340000, '-600', 200, 0, 100, 0, 3, 6, '2014-11-26 07:36:28'),
(1, 'I0011411022001', 'ewakfjojiowfe', 2, 320000, 640, '', 200, 130, 100, 123000, 0, 0, '2014-11-26 08:11:25'),
(1, 'T0011411022004', 'fadsfdsa', 2, 430000, 860000, '', 200, 0, 100, 0, 2, 4, '2014-11-26 08:21:07'),
(1, 'T0011411022004', 'fadsfdsa', 2, 430000, 860000, 'null', 200, 0, 100, 0, 2, 4, '2014-11-26 08:23:54'),
(1, 'T0011411022005', 'fadfsd', 2, 546000, 1092000, 'null', 300, 0, 170, 0, 0, 0, '2014-11-26 08:28:18'),
(1, 'T0011411022006', 'wefieajoffja', 2, 453000, 906000, 'null', 300, 0, 200, 0, 0, 0, '2014-11-26 08:32:17'),
(1, 'T0011411022007', 'jklsjdfioajwief', 2, 876400, 1752800, 'null', 250, 0, 200, 0, 0, 0, '2014-11-26 08:35:02'),
(1, 'T0011411001003', 'testdb', 2, 432430, 864860, 'null', 300, 0, 200, 0, 1, 2, '2014-11-28 01:44:01'),
(1, 'T0011411001003', 'testdb', 2, 432430, 864860, 'null', 300, 0, 200, 0, 1, 2, '2014-11-28 01:50:59'),
(1, 'T0011411001003', 'testdb', 2, 432430, 864860, 'null', 300, 0, 200, 0, 1440, 2170, '2014-11-28 01:51:51'),
(1, 'T0011411001004', 'afaea', 2, 755400, 1510800, 'null', 300, 0, 100, 0, 2510, 7560, '2014-11-28 01:53:43'),
(1, 'T0011411001005', 'dsafsdf', 2, 547000, 1094000, 'null', 400, 0, 300, 0, 1360, 1830, '2014-11-28 01:56:06'),
(1, 'T0031411034001', 'weqrwqe', 2, 879000, 1758000, 'null', 500, 0, 300, 0, 1750, 2930, '2014-11-28 02:19:24'),
(1, 'T0031411034001', 'weqrwqe', 2, 879000, 1758000, 'null', 500, 0, 300, 0, 1750, 2930, '2014-11-28 02:37:40'),
(1, 'T0031411034002', 'efafewa', 2, 786000, 1572000, 'null', 500, 0, 200, 0, 1570, 3930, '2014-11-28 02:39:09'),
(1, 'T0031411034002', 'efafewa', 2, 786000, 1572000, 'null', 500, 0, 200, 0, 1570, 3930, '2014-11-28 02:39:41'),
(1, 'T0031411034003', 'afeawfaw', 2, 987000, 1974000, 'null', 500, 0, 300, 0, 1970, 3290, '2014-11-28 02:40:34'),
(1, 'T0031411034004', 'afewfawe', 3, 876000, 2628000, 'null', 300, 0, 600, 0, 2920, 1460, '2014-11-28 02:49:50'),
(1, 'T0031411034007', 'eafwee', 2, 876000, 1752000, 'null', 400, 0, 200, 0, 2190, 4380, '2014-11-28 02:56:55'),
(1, 'T0031411034032', 'ｄｓふぁｄｆ', 2, 567000, 1134000, 'null', 500, 0, 300, 0, 1130, 1890, '2014-11-28 05:19:02'),
(1, 'T0031411034033', 'eref', 2, 300000, 600000, 'null', 500, 0, 300, 0, 600, 1000, '2014-11-28 05:24:41'),
(1, 'I0011411001030', 'dksif', 2, 670000, 1, '0', 190, 200, 100, 90000, 0, 0, '2014-11-28 06:00:00'),
(1, 'T0011411001007', 'gsdgrer', 2, 650000, 1300000, 'null', 200, 0, 100, 0, 3250, 6500, '2014-11-28 06:04:34'),
(1, 'I0011411001031', 'test', 2, 432000, 864, '', 210, 200, 130, 20000, 0, 0, '2014-11-28 06:11:50'),
(1, 'I0011411001032', 'えふぁｆ', 1, 650000, 650000, '', 200, 200, 100, 32000, 0, 0, '2014-11-28 06:24:47'),
(1, 'I0011411001033', 'rfgge', 12, 650000, 7, '0', 200, 300, 100, 0, 0, 0, '2014-11-28 06:35:23'),
(1, 'I0011411001034', '343', 13, 760000, 9, '0', 190, 200, 100, 21000, 0, 0, '2014-11-28 06:45:51'),
(1, 'I0011411001035', 'wefwefewf', 13, 670000, 8, '', 230, 200, 100, 23000, 0, 0, '2014-11-28 06:50:16'),
(1, 'I0011411001035', 'wefwefewf', 13, 670000, 8710000, '', 230, 200, 100, 23000, 0, 0, '2014-11-28 06:52:38'),
(1, 'I0011411001036', 'safddasf', 12, 870000, 10440000, '', 200, 150, 100, 21000, 0, 0, '2014-11-28 06:56:45'),
(1, 'I0011411001037', 'wefwefewfew', 11, 435000, 4785000, '0', 300, 150, 270, 12300, 0, 0, '2014-11-28 06:59:09'),
(1, 'T0011411001009', 'dasfesfew', 1234, 523000, 645, 'null', 200, 0, 150, 0, 2610, 3490, '2014-11-28 07:10:42'),
(1, 'T0011411001009', 'dasfesfew', 1234, 523000, 645, 'null', 200, 0, 150, 0, 2610, 3490, '2014-11-28 07:14:56'),
(1, 'T0011411001010', 'adsf', 12, 670000, 8, 'null', 300, 0, 100, 0, 2230, 6700, '2014-11-28 07:15:45'),
(1, 'T0011411001010', 'adsf', 12, 670000, 8, 'null', 300, 0, 100, 0, 2230, 6700, '2014-11-28 07:17:42'),
(1, 'T0011411001011', 'dasfsdfdsa', 13, 870000, 11, 'null', 300, 0, 200, 0, 2900, 4350, '2014-11-28 07:18:42'),
(1, 'T0011411001011', 'dasfsdfdsa', 13, 870000, 11310000, 'null', 300, 0, 200, 0, 2900, 4350, '2014-11-28 07:19:46'),
(1, 'T0011411001012', 'adsfsdaf', 12, 540000, 6480000, 'null', 200, 0, 100, 0, 2700, 5400, '2014-11-28 07:20:47'),
(1, 'T0011411001013', 'test1', 2, 870000, 1740000, 'null', 200, 0, 160, 0, 4350, 5440, '2014-11-28 07:47:11'),
(2, 'T0011411001013', 'test2', 1, 540000, 540000, 'null', 200, 0, 160, 0, 2700, 3380, '2014-11-28 07:47:11'),
(3, 'T0011411001013', 'test3', 3, 670000, 2010000, 'null', 200, 0, 160, 0, 3350, 4190, '2014-11-28 07:47:11'),
(1, 'T0011411001013', 'test1', 2, 870000, 1740000, 'null', 200, 0, 160, 0, 4350, 5440, '2014-11-28 07:47:49'),
(2, 'T0011411001013', 'test2', 1, 540000, 540000, 'null', 200, 0, 160, 0, 2700, 3380, '2014-11-28 07:47:49'),
(3, 'T0011411001013', 'test3', 3, 670000, 2010000, 'null', 200, 0, 160, 0, 3350, 4190, '2014-11-28 07:47:49'),
(1, 'T0011411001014', 'test1', 2, 780000, 1560000, 'null', 200, 0, 160, 0, 3900, 4880, '2014-11-28 07:50:26'),
(2, 'T0011411001014', 'test2', 1, 600000, 600000, 'null', 200, 0, 160, 0, 3000, 3750, '2014-11-28 07:50:26'),
(3, 'T0011411001014', 'test3', 3, 812000, 2436000, 'null', 200, 0, 160, 0, 4060, 5080, '2014-11-28 07:50:26'),
(1, 'T0011411003017', 'test', 2, 900000, 1800000, 'null', 200, 0, 160, 0, 4500, 5630, '2014-11-28 07:52:11'),
(1, 'I0011411016001', 'test', 2, 1000000, 2000000, '0', 100, 200, 90, 32000, 0, 0, '2014-11-28 07:54:18'),
(1, 'S0011412001009', 'ビックデータ活用プラットフォーム業務支援', 2, 670000, 1340000, 'null', 200, 0, 160, 0, 3350, 4190, '2014-12-05 01:09:36'),
(1, 'S0011412001010', 'sdfsdaf', 2, 450000, 900000, 'null', 200, 0, 160, 0, 2250, 2820, '2014-12-05 02:03:42'),
(1, 'S0011412001012', 'sdafsa', 1, 234444, 234444, 'null', 200, 0, 160, 0, 1170, 1470, '2014-12-05 02:17:23'),
(1, 'S0011412001015', 'resgesr', 2, 870000, 1740000, 'null', 200, 0, 160, 0, 4350, 5440, '2014-12-09 01:46:58'),
(1, 'S0011412001016', 'asdfljew', 2, 560000, 1120000, 'null', 200, 0, 160, 0, 2800, 3500, '2014-12-09 04:22:47'),
(1, 'S0011412001017', 'dfsgd', 2, 560000, 1120000, 'null', 200, 0, 160, 0, 2800, 3500, '2014-12-09 04:33:52'),
(1, 'S0011412001018', 'sdafdf', 2, 760000, 1520000, 'null', 200, 0, 160, 0, 3800, 4750, '2014-12-09 04:56:57'),
(1, 'S0011412001020', 'sdfasd', 2, 670000, 1340000, 'null', 200, 0, 160, 0, 3350, 4190, '2014-12-09 05:56:49'),
(1, 'S0011412001021', 'asdfaewfw', 2, 430000, 860000, 'null', 200, 0, 180, 0, 2150, 2390, '2014-12-09 06:07:28'),
(1, 'S0011412001022', 'ewfqer', 2, 340000, 680000, 'null', 200, 0, 100, 0, 1700, 3400, '2014-12-09 06:19:41'),
(1, 'S0011412001023', 'asdfsdafe', 2, 340000, 680000, 'null', 200, 0, 160, 0, 1700, 2130, '2014-12-09 06:42:01'),
(1, 'S0011412001024', 'さｄｆｄさｆ', 2, 650000, 1300000, 'null', 200, 0, 160, 0, 3250, 4070, '2014-12-09 07:27:34'),
(1, 'S0011412001025', 'eawfawefaaf', 2, 700000, 1400000, 'null', 200, 0, 160, 0, 3500, 4380, '2014-12-09 07:45:28'),
(1, 'S0011412001026', 'dasfsdf', 2, 450000, 900000, 'null', 200, 0, 160, 0, 2250, 2820, '2014-12-09 07:54:16'),
(1, 'S0011412001026', 'dasfsdf', 2, 450000, 900000, 'null', 200, 0, 160, 0, 2250, 2820, '2014-12-09 07:55:36'),
(1, 'S0011412001027', 'dsafasdf', 2, 450000, 900000, 'null', 200, 0, 160, 0, 2250, 2820, '2014-12-09 08:05:49'),
(1, 'S0011412001028', '244', 2, 500000, 1000000, 'null', 200, 0, 160, 0, 2500, 3130, '2014-12-09 08:11:14'),
(1, 'S0011412001029', '3445', 2, 3776, 7552, 'null', 20, 0, 3, 0, 180, 1260, '2014-12-09 08:12:34'),
(1, 'S0011412001030', 'ewqfrwq', 2, 34, 68, 'null', 343, 0, 2, 0, 0, 20, '2014-12-09 09:00:24'),
(1, 'T0011412001003', 'eregfe', 2, 345, 690, 'null', 233, 0, 33, 0, 0, 20, '2014-12-09 09:01:54'),
(1, 'S0011412001031', 'dsafasdf', 1, 2, 2, 'null', 5, 0, 7, 0, 0, 10, '2014-12-10 06:38:57'),
(1, 'S0011412001032', 'dsfsadf', 2, 430000, 860000, 'null', 200, 0, 160, 0, 2150, 2690, '2014-12-12 03:01:04'),
(1, 'T0011412001005', 'dsfsadsdf', 2, 4500000, 9000000, 'null', 160, 0, 100, 0, 28120, 45000, '2014-12-12 03:05:46'),
(1, 'S0011412001033', 'adsfasd', 2, 760000, 1520000, 'null', 200, 0, 160, 0, 3800, 4750, '2014-12-19 08:24:39'),
(1, 'S0011412001034', 'sdfasdaf', 2, 450000, 900000, 'null', 200, 0, 160, 0, 2250, 2820, '2014-12-19 08:31:17'),
(1, 'S0011412001036', 'sdaffsad', 2, 450000, 900000, 'null', 200, 0, 100, 0, 2250, 4500, '2014-12-19 08:38:37'),
(1, 'S0011502001001', 'dsfcdsd', 0, 21, 0, 'null', 200, 0, 160, 0, 0, 10, '2015-02-02 02:14:38'),
(1, 'S0011502001002', 'bjbkjmhgbk', 1, 232, 232, 'null', 200, 0, 160, 0, 0, 10, '2015-02-10 05:57:07'),
(1, '', '', 0, 0, 0, '0', 0, 0, 0, 0, 0, 0, '2015-03-13 09:08:22'),
(2, '', '', 0, 0, 0, '0', 0, 0, 0, 0, 0, 0, '2015-03-13 09:08:22'),
(3, '', '', 0, 0, 0, '0', 0, 0, 0, 0, 0, 0, '2015-03-13 09:08:22'),
(4, '', '', 0, 0, 0, '0', 0, 0, 0, 0, 0, 0, '2015-03-13 09:08:22'),
(5, '', '', 0, 0, 0, '0', 0, 0, 0, 0, 0, 0, '2015-03-13 09:08:22'),
(6, '', '', 0, 0, 0, '0', 0, 0, 0, 0, 0, 0, '2015-03-13 09:08:22'),
(7, '', '', 0, 0, 0, '0', 0, 0, 0, 0, 0, 0, '2015-03-13 09:08:22'),
(8, '', '', 0, 0, 0, '0', 0, 0, 0, 0, 0, 0, '2015-03-13 09:08:22'),
(9, '', '', 0, 0, 0, '0', 0, 0, 0, 0, 0, 0, '2015-03-13 09:08:22'),
(10, '', '', 0, 0, 0, '0', 0, 0, 0, 0, 0, 0, '2015-03-13 09:08:22'),
(1, '', 'aefaewf', 0, 10, 0, '5', 200, 300, 100, 1000, 0, 0, '2015-03-13 09:10:18'),
(2, '', '', 0, 0, 0, '0', 0, 0, 0, 0, 0, 0, '2015-03-13 09:10:18'),
(3, '', '', 0, 0, 0, '0', 0, 0, 0, 0, 0, 0, '2015-03-13 09:10:18'),
(4, '', '', 0, 0, 0, '0', 0, 0, 0, 0, 0, 0, '2015-03-13 09:10:18'),
(5, '', '', 0, 0, 0, '0', 0, 0, 0, 0, 0, 0, '2015-03-13 09:10:18'),
(6, '', '', 0, 0, 0, '0', 0, 0, 0, 0, 0, 0, '2015-03-13 09:10:19'),
(7, '', '', 0, 0, 0, '0', 0, 0, 0, 0, 0, 0, '2015-03-13 09:10:19'),
(8, '', '', 0, 0, 0, '0', 0, 0, 0, 0, 0, 0, '2015-03-13 09:10:19'),
(9, '', '', 0, 0, 0, '0', 0, 0, 0, 0, 0, 0, '2015-03-13 09:10:19'),
(10, '', '', 0, 0, 0, '0', 0, 0, 0, 0, 0, 0, '2015-03-13 09:10:19'),
(1, 'I0011503001010', 'fddseaw', 0, 30000, 0, '15000', 200, 300, 100, 0, 150, 0, '2015-03-13 09:20:02'),
(2, 'I0011503001010', '', 0, 0, 0, '0', 0, 0, 0, 0, 0, 0, '2015-03-13 09:20:02'),
(3, 'I0011503001010', '', 0, 0, 0, '0', 0, 0, 0, 0, 0, 0, '2015-03-13 09:20:02'),
(4, 'I0011503001010', '', 0, 0, 0, '0', 0, 0, 0, 0, 0, 0, '2015-03-13 09:20:02'),
(5, 'I0011503001010', '', 0, 0, 0, '0', 0, 0, 0, 0, 0, 0, '2015-03-13 09:20:02'),
(6, 'I0011503001010', '', 0, 0, 0, '0', 0, 0, 0, 0, 0, 0, '2015-03-13 09:20:02'),
(7, 'I0011503001010', '', 0, 0, 0, '0', 0, 0, 0, 0, 0, 0, '2015-03-13 09:20:02'),
(8, 'I0011503001010', '', 0, 0, 0, '0', 0, 0, 0, 0, 0, 0, '2015-03-13 09:20:02'),
(9, 'I0011503001010', '', 0, 0, 0, '0', 0, 0, 0, 0, 0, 0, '2015-03-13 09:20:02'),
(10, 'I0011503001010', '', 0, 0, 0, '0', 0, 0, 0, 0, 0, 0, '2015-03-13 09:20:02');

--
-- Indexes for dumped tables
--

--
-- Indexes for table `auto_post`
--
ALTER TABLE `auto_post`
 ADD PRIMARY KEY (`number`), ADD UNIQUE KEY `number_2` (`number`), ADD KEY `number` (`number`);

--
-- Indexes for table `customer`
--
ALTER TABLE `customer`
 ADD PRIMARY KEY (`code`);

--
-- Indexes for table `department`
--
ALTER TABLE `department`
 ADD KEY `code` (`code`);

--
-- Indexes for table `fileman`
--
ALTER TABLE `fileman`
 ADD KEY `seqno` (`seqno`);

--
-- Indexes for table `merberlist`
--
ALTER TABLE `merberlist`
 ADD PRIMARY KEY (`nember`), ADD UNIQUE KEY `nember_3` (`nember`), ADD KEY `nember` (`nember`), ADD KEY `nember_2` (`nember`);

--
-- Indexes for table `order`
--
ALTER TABLE `order`
 ADD KEY `saibanRes` (`saibanRes`);

--
-- Indexes for table `thquery`
--
ALTER TABLE `thquery`
 ADD KEY `id` (`id`);

--
-- Indexes for table `user_master`
--
ALTER TABLE `user_master`
 ADD PRIMARY KEY (`user_id`);

--
-- Indexes for table `work`
--
ALTER TABLE `work`
 ADD KEY `id` (`id`,`saibanRes`);

--
-- AUTO_INCREMENT for dumped tables
--

--
-- AUTO_INCREMENT for table `auto_post`
--
ALTER TABLE `auto_post`
MODIFY `number` int(11) NOT NULL AUTO_INCREMENT,AUTO_INCREMENT=263;
--
-- AUTO_INCREMENT for table `merberlist`
--
ALTER TABLE `merberlist`
MODIFY `nember` int(4) NOT NULL AUTO_INCREMENT,AUTO_INCREMENT=7;
/*!40101 SET CHARACTER_SET_CLIENT=@OLD_CHARACTER_SET_CLIENT */;
/*!40101 SET CHARACTER_SET_RESULTS=@OLD_CHARACTER_SET_RESULTS */;
/*!40101 SET COLLATION_CONNECTION=@OLD_COLLATION_CONNECTION */;
